Country;Happiness Rank;Happiness Score;Economy (GDP per Capita);Social support;Health (Life Expectancy);Freedom;Trust (Government Corruption);Generosity;Year
Switzerland;1;7.587;1.39651;1.34951;0.94143;0.66557;0.41978;0.29678;2015
Iceland;2;7.561;1.30232;1.40223;0.94784;0.62877;0.14145;0.4363;2015
Denmark;3;7.527;1.32548;1.36058;0.87464;0.64938;0.48357;0.34139;2015
Norway;4;7.522;1.459;1.33095;0.88521;0.66973;0.36503;0.34699;2015
Canada;5;7.427;1.32629;1.32261;0.90563;0.63297;0.32957;0.45811;2015
Finland;6;7.406;1.29025;1.31826;0.88911;0.64169;0.41372;0.23351;2015
Netherlands;7;7.378;1.32944;1.28017;0.89284;0.61576;0.31814;0.4761;2015
Sweden;8;7.364;1.33171;1.28907;0.91087;0.6598;0.43844;0.36262;2015
New Zealand;9;7.286;1.25018;1.31967;0.90837;0.63938;0.42922;0.47501;2015
Australia;10;7.284;1.33358;1.30923;0.93156;0.65124;0.35637;0.43562;2015
Israel;11;7.278;1.22857;1.22393;0.91387;0.41319;0.07785;0.33172;2015
Costa Rica;12;7.226;0.95578;1.23788;0.86027;0.63376;0.10583;0.25497;2015
Austria;13;07.фев;1.33723;1.29704;0.89042;0.62433;0.18676;0.33088;2015
Mexico;14;7.187;1.02054;0.91451;0.81444;0.48181;0.21312;0.14074;2015
United States;15;7.119;1.39451;1.24711;0.86179;0.54604;0.1589;0.40105;2015
Brazil;16;6.983;0.98124;1.23287;0.69702;0.49049;0.17521;0.14574;2015
Luxembourg;17;6.946;1.56391;1.21963;0.91894;0.61583;0.37798;0.28034;2015
Ireland;18;июн.94;1.33596;1.36948;0.89533;0.61777;0.28703;0.45901;2015
Belgium;19;6.937;1.30782;1.28566;0.89667;0.5845;0.2254;0.2225;2015
United Arab Emirates;20;6.901;1.42727;1.12575;0.80925;0.64157;0.38583;0.26428;2015
United Kingdom;21;6.867;1.26637;1.28548;0.90943;0.59625;0.32067;0.51912;2015
Oman;22;6.853;1.36011;1.08182;0.76276;0.63274;0.32524;0.21542;2015
Venezuela;23;июн.81;1.04424;1.25596;0.72052;0.42908;0.11069;0.05841;2015
Singapore;24;6.798;1.52186;01.фев;1.02525;0.54252;0.4921;0.31105;2015
Panama;25;6.786;1.06353;янв.85;0.79661;0.5421;0.0927;0.24434;2015
Germany;26;июн.75;1.32792;1.29937;0.89186;0.61477;0.21843;0.28214;2015
Chile;27;июн.67;1.10715;1.12447;0.85857;0.44132;0.12869;0.33363;2015
Qatar;28;6.611;1.69042;1.0786;0.79733;0.6404;0.52208;0.32573;2015
France;29;6.575;1.27778;1.26038;0.94579;0.55011;0.20646;0.12332;2015
Argentina;30;6.574;1.05351;1.24823;0.78723;0.44974;0.08484;0.11451;2015
Czech Republic;31;6.505;1.17898;1.20643;0.84483;0.46364;0.02652;0.10686;2015
Uruguay;32;6.485;1.06166;янв.89;0.8116;0.60362;0.24558;0.2324;2015
Colombia;33;6.477;0.91861;1.24018;0.69077;0.53466;0.0512;0.18401;2015
Thailand;34;6.455;0.9669;1.26504;0.7385;0.55664;0.03187;0.5763;2015
Saudi Arabia;35;6.411;1.39541;1.08393;0.72025;0.31048;0.32524;0.13706;2015
Spain;36;6.329;1.23011;1.31379;0.95562;0.45951;0.06398;0.18227;2015
Malta;37;6.302;янв.74;1.30203;0.88721;0.60365;0.13586;0.51752;2015
Taiwan;38;6.298;1.29098;1.07617;0.8753;0.3974;0.08129;0.25376;2015
Kuwait;39;6.295;1.55422;1.16594;0.72492;0.55499;0.25609;0.16228;2015
Suriname;40;6.269;0.99534;0.972;0.6082;0.59657;0.13633;0.16991;2015
Trinidad and Tobago;41;6.168;1.21183;1.18354;0.61483;0.55884;0.0114;0.31844;2015
El Salvador;42;июн.13;0.76454;1.02507;0.67737;0.4035;0.11776;0.10692;2015
Guatemala;43;6.123;0.74553;1.04356;0.64425;0.57733;0.09472;0.27489;2015
Uzbekistan;44;6.003;0.63244;1.34043;0.59772;0.65821;0.30826;0.22837;2015
Slovakia;45;5.995;1.16891;1.26999;0.78902;0.31751;0.03431;0.16893;2015
Japan;46;5.987;1.27074;1.25712;0.99111;0.49615;0.1806;0.10705;2015
South Korea;47;5.984;1.24461;0.95774;0.96538;0.33208;0.07857;0.18557;2015
Ecuador;48;5.975;0.86402;0.99903;0.79075;0.48574;0.1809;0.11541;2015
Bahrain;49;май.96;1.32376;1.21624;0.74716;0.45492;0.306;0.17362;2015
Italy;50;5.948;1.25114;1.19777;0.95446;0.26236;0.02901;0.22823;2015
Bolivia;51;май.89;0.68133;0.97841;0.5392;0.57414;0.088;0.20536;2015
Moldova;52;5.889;0.59448;1.01528;0.61826;0.32818;0.01615;0.20951;2015
Paraguay;53;5.878;0.75985;1.30477;0.66098;0.53899;0.08242;0.3424;2015
Kazakhstan;54;5.855;1.12254;1.12241;0.64368;0.51649;0.08454;0.11827;2015
Slovenia;55;5.848;1.18498;1.27385;0.87337;0.60855;0.03787;0.25328;2015
Lithuania;56;5.833;1.14723;1.25745;0.73128;0.21342;0.01031;0.02641;2015
Nicaragua;57;5.828;0.59325;1.14184;0.74314;0.55475;0.19317;0.27815;2015
Peru;58;5.824;0.90019;0.97459;0.73017;0.41496;0.05989;0.14982;2015
Belarus;59;5.813;1.03192;1.23289;0.73608;0.37938;0.1909;0.11046;2015
Poland;60;5.791;1.12555;1.27948;0.77903;0.53122;0.04212;0.16759;2015
Malaysia;61;май.77;1.12486;1.07023;0.72394;0.53024;0.10501;0.33075;2015
Croatia;62;5.759;1.08254;0.79624;0.78805;0.25883;0.0243;0.05444;2015
Libya;63;5.754;1.13145;1.11862;0.7038;0.41668;0.11023;0.18295;2015
Russia;64;5.716;1.13764;1.23617;0.66926;0.36679;0.03005;0.00199;2015
Jamaica;65;5.709;0.81038;1.15102;0.68741;0.50442;0.02299;0.2123;2015
North Cyprus;66;5.695;1.20806;1.07008;0.92356;0.49027;0.1428;0.26169;2015
Cyprus;67;5.689;1.20813;0.89318;0.92356;0.40672;0.06146;0.30638;2015
Algeria;68;5.605;0.93929;1.07772;0.61766;0.28579;0.17383;0.07822;2015
Kosovo;69;5.589;0.80148;0.81198;0.63132;0.24749;0.04741;0.2831;2015
Turkmenistan;70;5.548;0.95847;1.22668;0.53886;0.4761;0.30844;0.16979;2015
Mauritius;71;5.477;1.00761;0.98521;0.7095;0.56066;0.07521;0.37744;2015
Hong Kong;72;5.474;1.38604;1.05818;1.01328;0.59608;0.37124;0.39478;2015
Estonia;73;5.429;1.15174;1.22791;0.77361;0.44888;0.15184;0.0868;2015
Indonesia;74;5.399;0.82827;1.08708;0.63793;0.46611;0.0;0.51535;2015
Vietnam;75;май.36;0.63216;0.91226;0.74676;0.59444;0.10441;0.1686;2015
Turkey;76;5.332;1.06098;0.94632;0.73172;0.22815;0.15746;0.12253;2015
Kyrgyzstan;77;5.286;0.47428;1.15115;0.65088;0.43477;0.04232;0.3003;2015
Nigeria;78;5.268;0.65435;0.90432;0.16007;0.34334;0.0403;0.27233;2015
Bhutan;79;5.253;0.77042;1.10395;0.57407;0.53206;0.15445;0.47998;2015
Azerbaijan;80;5.212;1.02389;0.93793;0.64045;0.3703;0.16065;0.07799;2015
Pakistan;81;5.194;0.59543;0.41411;0.51466;0.12102;0.10464;0.33671;2015
Jordan;82;5.192;0.90198;1.05392;0.69639;0.40661;0.14293;0.11053;2015
Montenegro;82;5.192;0.97438;0.90557;0.72521;0.1826;0.14296;0.1614;2015
China;84;май.14;0.89012;0.94675;0.81658;0.51697;0.02781;0.08185;2015
Zambia;85;5.129;0.47038;0.91612;0.29924;0.48827;0.12468;0.19591;2015
Romania;86;5.124;1.04345;0.88588;0.7689;0.35068;0.00649;0.13748;2015
Serbia;87;5.123;0.92053;1.00964;0.74836;0.20107;0.02617;0.19231;2015
Portugal;88;5.102;1.15991;1.13935;0.87519;0.51469;0.01078;0.13719;2015
Latvia;89;5.098;1.11312;1.09562;0.72437;0.29671;0.06332;0.18226;2015
Philippines;90;5.073;0.70532;1.03516;0.58114;0.62545;0.12279;0.24991;2015
Somaliland region;91;5.057;0.18847;0.95152;0.43873;0.46582;0.39928;0.50318;2015
Morocco;92;5.013;0.73479;0.64095;0.60954;0.41691;0.08546;0.07172;2015
Macedonia;93;5.007;0.91851;1.00232;0.73545;0.33457;0.05327;0.22359;2015
Mozambique;94;4.971;0.08308;1.02626;0.09131;0.34037;0.15603;0.22269;2015
Albania;95;4.959;0.87867;0.80434;0.81325;0.35733;0.06413;0.14272;2015
Bosnia and Herzegovina;96;4.949;0.83223;0.91916;0.79081;0.09245;0.00227;0.24808;2015
Lesotho;97;4.898;0.37545;1.04103;0.07612;0.31767;0.12504;0.16388;2015
Dominican Republic;98;4.885;0.89537;1.17202;0.66825;0.57672;0.14234;0.21684;2015
Laos;99;4.876;0.59066;0.73803;0.54909;0.59591;0.24249;0.42192;2015
Mongolia;100;4.874;0.82819;янв.06;0.60268;0.43626;0.02666;0.3323;2015
Swaziland;101;4.867;0.71206;1.07284;0.07566;0.30658;0.0306;0.18259;2015
Greece;102;4.857;1.15406;0.92933;0.88213;0.07699;0.01397;0.0;2015
Lebanon;103;4.839;1.02564;0.80001;0.83947;0.33916;0.04582;0.21854;2015
Hungary;104;04.авг;1.12094;1.20215;0.75905;0.32112;0.02758;0.128;2015
Honduras;105;4.788;0.59532;0.95348;0.6951;0.40148;0.06825;0.23027;2015
Tajikistan;106;4.786;0.39047;0.85563;0.57379;0.47216;0.15072;0.22974;2015
Tunisia;107;4.739;0.88113;0.60429;0.73793;0.26268;0.06358;0.06431;2015
Palestinian Territories;108;4.715;0.59867;0.92558;0.66015;0.24499;0.12905;0.11251;2015
Bangladesh;109;4.694;0.39753;0.43106;0.60164;0.4082;0.12569;0.21222;2015
Iran;110;4.686;1.0088;0.54447;0.69805;0.30033;0.05863;0.38086;2015
Ukraine;111;4.681;0.79907;1.20278;0.6739;0.25123;0.02961;0.15275;2015
Iraq;112;4.677;0.98549;0.81889;0.60237;0.0;0.13788;0.17922;2015
South Africa;113;4.642;0.92049;1.18468;0.27688;0.33207;0.08884;0.11973;2015
Ghana;114;4.633;0.54558;0.67954;0.40132;0.42342;0.04355;0.23087;2015
Zimbabwe;115;апр.61;0.271;1.03276;0.33475;0.25861;0.08079;0.18987;2015
Liberia;116;4.571;0.0712;0.78968;0.34201;0.28531;0.06232;0.24362;2015
India;117;4.565;0.64499;0.38174;0.51529;0.39786;0.08492;0.26475;2015
Sudan;118;апр.55;0.52107;1.01404;0.36878;0.10081;0.1466;0.19062;2015
Haiti;119;4.518;0.26673;0.74302;0.38847;0.24425;0.17175;0.46187;2015
Congo (Kinshasa);120;4.517;0.0;1.0012;0.09806;0.22605;0.07625;0.24834;2015
Nepal;121;4.514;0.35997;0.86449;0.56874;0.38282;0.05907;0.32296;2015
Ethiopia;122;4.512;0.19073;0.60406;0.44055;0.4345;0.15048;0.24325;2015
Sierra Leone;123;4.507;0.33024;0.95571;0.0;0.4084;0.08786;0.21488;2015
Mauritania;124;4.436;0.45407;0.86908;0.35874;0.24232;0.17461;0.219;2015
Kenya;125;4.419;0.36471;0.99876;0.41435;0.42215;0.05839;0.37542;2015
Djibouti;126;4.369;0.44025;0.59207;0.36291;0.46074;0.28105;0.18093;2015
Armenia;127;апр.35;0.76821;0.77711;0.7299;0.19847;0.039;0.07855;2015
Botswana;128;4.332;0.99355;1.10464;0.04776;0.49495;0.12474;0.10461;2015
Myanmar;129;4.307;0.27108;0.70905;0.48246;0.44017;0.19034;0.79588;2015
Georgia;130;4.297;0.7419;0.38562;0.72926;0.40577;0.38331;0.05547;2015
Malawi;131;4.292;0.01604;0.41134;0.22562;0.43054;0.06977;0.33128;2015
Sri Lanka;132;4.271;0.83524;1.01905;0.70806;0.53726;0.09179;0.40828;2015
Cameroon;133;4.252;0.4225;0.88767;0.23402;0.49309;0.05786;0.20618;2015
Bulgaria;134;4.218;1.01216;1.10614;0.76649;0.30587;0.00872;0.11921;2015
Egypt;135;4.194;0.8818;0.747;0.61712;0.17288;0.06324;0.11291;2015
Yemen;136;4.077;0.54649;0.68093;0.40064;0.35571;0.07854;0.09131;2015
Angola;137;4.033;0.75778;0.8604;0.16683;0.10384;0.07122;0.12344;2015
Mali;138;3.995;0.26074;1.03526;0.20583;0.38857;0.12352;0.18798;2015
Congo (Brazzaville);139;3.989;0.67866;0.6629;0.31051;0.41466;0.11686;0.12388;2015
Comoros;140;3.956;0.23906;0.79273;0.36315;0.22917;0.199;0.17441;2015
Uganda;141;3.931;0.21102;1.13299;0.33861;0.45727;0.07267;0.29066;2015
Senegal;142;3.904;0.36498;0.97619;0.4354;0.36772;0.10713;0.20843;2015
Gabon;143;3.896;1.06024;0.90528;0.43372;0.31914;0.11091;0.06822;2015
Niger;144;3.845;0.0694;0.77265;0.29707;0.47692;0.15639;0.19387;2015
Cambodia;145;3.819;0.46038;0.62736;0.61114;0.66246;0.07247;0.40359;2015
Tanzania;146;3.781;0.2852;1.00268;0.38215;0.32878;0.05747;0.34377;2015
Madagascar;147;3.681;0.20824;0.66801;0.46721;0.19184;0.08124;0.21333;2015
Central African Republic;148;3.678;0.0785;0.0;0.06699;0.48879;0.08289;0.23835;2015
Chad;149;3.667;0.34193;0.76062;0.1501;0.23501;0.05269;0.18386;2015
Guinea;150;3.656;0.17417;0.46475;0.24009;0.37725;0.12139;0.28657;2015
Ivory Coast;151;3.655;0.46534;0.77115;0.15185;0.46866;0.17922;0.20165;2015
Burkina Faso;152;3.587;0.25812;0.85188;0.27125;0.39493;0.12832;0.21747;2015
Afghanistan;153;3.575;0.31982;0.30285;0.30335;0.23414;0.09719;0.3651;2015
Rwanda;154;3.465;0.22208;0.7737;0.42864;0.59201;0.55191;0.22628;2015
Benin;155;мар.34;0.28665;0.35386;0.3191;0.4845;0.0801;0.1826;2015
Syria;156;3.006;0.6632;0.47489;0.72193;0.15684;0.18906;0.47179;2015
Burundi;157;2.905;0.0153;0.41587;0.22396;0.1185;0.10062;0.19727;2015
Togo;158;2.839;0.20868;0.13995;0.28443;0.36453;0.10731;0.16681;2015
Denmark;1;7.526;1.44178;1.16374;0.79504;0.57941;0.44453;0.36171;2016
Switzerland;2;7.509;1.52733;1.14524;0.86303;0.58557;0.41203;0.28083;2016
Iceland;3;7.501;1.42666;1.18326;0.86733;0.56624;0.14975;0.47678;2016
Norway;4;7.498;1.57744;1.1269;0.79579;0.59609;0.35776;0.37895;2016
Finland;5;7.413;1.40598;1.13464;0.81091;0.57104;0.41004;0.25492;2016
Canada;6;7.404;1.44015;1.0961;0.8276;0.5737;0.31329;0.44834;2016
Netherlands;7;7.339;1.46468;1.02912;0.81231;0.55211;0.29927;0.47416;2016
New Zealand;8;7.334;1.36066;1.17278;0.83096;0.58147;0.41904;0.49401;2016
Australia;9;7.313;1.44443;1.10476;0.8512;0.56837;0.32331;0.47407;2016
Sweden;10;7.291;1.45181;1.08764;0.83121;0.58218;0.40867;0.38254;2016
Israel;11;7.267;1.33766;0.99537;0.84917;0.36432;0.08728;0.32288;2016
Austria;12;7.119;1.45038;1.08383;0.80565;0.54355;0.21348;0.32865;2016
United States;13;7.104;1.50796;1.04782;0.779;0.48163;0.14868;0.41077;2016
Costa Rica;14;7.087;1.06879;1.02152;0.76146;0.55225;0.10547;0.22553;2016
Puerto Rico;15;7.039;1.35943;1.08113;0.77758;0.46823;0.12275;0.22202;2016
Germany;16;6.994;1.44787;1.09774;0.81487;0.53466;0.28551;0.30452;2016
Brazil;17;6.952;1.08754;1.03938;0.61415;0.40425;0.14166;0.15776;2016
Belgium;18;6.929;1.42539;1.05249;0.81959;0.51354;0.26248;0.2424;2016
Ireland;19;6.907;1.48341;1.16157;0.81455;0.54008;0.29754;0.44963;2016
Luxembourg;20;6.871;1.69752;1.03999;0.84542;0.5487;0.35329;0.27571;2016
Mexico;21;6.778;1.11508;0.7146;0.71143;0.37709;0.18355;0.11735;2016
Singapore;22;6.739;1.64555;0.86758;0.94719;0.4877;0.46987;0.32706;2016
United Kingdom;23;6.725;1.40283;1.08672;0.80991;0.50036;0.27399;0.50156;2016
Chile;24;6.705;янв.67;0.90587;0.81883;0.37789;0.11451;0.31595;2016
Panama;25;6.701;1.18306;0.98912;0.70835;0.48927;0.08423;0.2418;2016
Argentina;26;июн.65;1.15137;1.06612;0.69711;0.42284;0.07296;0.10989;2016
Czech Republic;27;6.596;1.30915;1.00793;0.76376;0.41418;0.03986;0.09929;2016
United Arab Emirates;28;6.573;1.57352;0.87114;0.72993;0.56215;0.35561;0.26591;2016
Uruguay;29;6.545;1.18157;1.03143;0.72183;0.54388;0.21394;0.18056;2016
Malta;30;6.488;1.30782;1.09879;0.80315;0.54994;0.17554;0.56237;2016
Colombia;31;6.481;1.03032;1.02169;0.59659;0.44735;0.05399;0.15626;2016
France;32;6.478;1.39488;1.00508;0.83795;0.46562;0.17808;0.1216;2016
Thailand;33;6.474;1.0893;1.04477;0.64915;0.49553;0.02833;0.58696;2016
Saudi Arabia;34;6.379;1.48953;0.84829;0.59267;0.37904;0.30008;0.15457;2016
Taiwan;34;6.379;1.39729;0.92624;0.79565;0.32377;0.0663;0.25495;2016
Qatar;36;6.375;1.82427;0.87964;0.71723;0.56679;0.48049;0.32388;2016
Spain;37;6.361;1.34253;1.12945;0.87896;0.37545;0.06137;0.17665;2016
Algeria;38;6.355;1.05266;0.83309;0.61804;0.21006;0.16157;0.07044;2016
Guatemala;39;6.324;0.83454;0.87119;0.54039;0.50379;0.08701;0.28808;2016
Suriname;40;6.269;1.09686;0.77866;0.50933;0.52234;0.12692;0.16665;2016
Kuwait;41;6.239;1.61714;0.87758;0.63569;0.43166;0.23669;0.15965;2016
Bahrain;42;6.218;1.44024;0.94397;0.65696;0.47375;0.25772;0.17147;2016
Trinidad and Tobago;43;6.168;1.32572;0.98569;0.52608;0.48453;0.01241;0.31935;2016
Venezuela;44;6.084;1.13367;1.03302;0.61904;0.19847;0.08304;0.0425;2016
Slovakia;45;6.078;1.27973;1.08268;0.70367;0.23391;0.02947;0.13837;2016
El Salvador;46;6.068;0.8737;0.80975;0.596;0.37269;0.10613;0.08877;2016
Malaysia;47;6.005;1.25142;0.88025;0.62366;0.39031;0.09081;0.41474;2016
Nicaragua;48;5.992;0.69384;0.89521;0.65213;0.46582;0.16292;0.29773;2016
Uzbekistan;49;5.987;0.73591;1.1681;0.50163;0.60848;0.28333;0.34326;2016
Italy;50;5.977;1.35495;1.04167;0.85102;0.18827;0.02556;0.16684;2016
Ecuador;51;5.976;0.97306;0.85974;0.68613;0.4027;0.18037;0.10074;2016
Belize;52;5.956;0.87616;0.68655;0.45569;0.51231;0.10771;0.23684;2016
Japan;53;5.921;1.38007;1.06054;0.91491;0.46761;0.18985;0.10224;2016
Kazakhstan;54;5.919;1.22943;0.95544;0.57386;0.4052;0.11132;0.15011;2016
Moldova;55;5.897;0.69177;0.83132;0.52309;0.25202;0.01903;0.19997;2016
Russia;56;5.856;1.23228;1.05261;0.58991;0.32682;0.03586;0.02736;2016
Poland;57;5.835;1.24585;1.04685;0.69058;0.4519;0.055;0.14443;2016
South Korea;57;5.835;1.35948;0.72194;0.88645;0.25168;0.07716;0.18824;2016
Bolivia;59;5.822;0.79422;0.83779;0.4697;0.50961;0.07746;0.21698;2016
Lithuania;60;5.813;янв.92;1.06411;0.64674;0.18929;0.0182;0.02025;2016
Belarus;61;5.802;1.13062;1.04993;0.63104;0.29091;0.17457;0.13942;2016
North Cyprus;62;5.771;1.31141;0.81826;0.84142;0.43596;0.16578;0.26322;2016
Slovenia;63;5.768;1.29947;1.05613;0.79151;0.53164;0.03635;0.25738;2016
Peru;64;5.743;0.99602;0.81255;0.62994;0.37502;0.05292;0.14527;2016
Turkmenistan;65;5.658;1.08017;1.03817;0.44006;0.37408;0.28467;0.22567;2016
Mauritius;66;5.648;1.14372;0.75695;0.66189;0.46145;0.05203;0.36951;2016
Libya;67;5.615;1.06688;0.95076;0.52304;0.40672;0.10339;0.17087;2016
Latvia;68;май.56;1.21788;0.95025;0.63952;0.27996;0.0889;0.17445;2016
Cyprus;69;5.546;1.31857;0.70697;0.8488;0.29507;0.05228;0.27906;2016
Paraguay;70;5.538;0.89373;1.11111;0.58295;0.46235;0.07396;0.25296;2016
Romania;71;5.528;1.1697;0.72803;0.67602;0.36712;0.00679;0.12889;2016
Estonia;72;5.517;1.27964;1.05163;0.68098;0.41511;0.18519;0.08423;2016
Jamaica;73;май.51;0.89333;0.96372;0.59469;0.43597;0.04294;0.22245;2016
Croatia;74;5.488;1.18649;0.60809;0.70524;0.23907;0.04002;0.18434;2016
Hong Kong;75;5.458;янв.07;0.87021;0.95277;0.48079;0.31647;0.40097;2016
Somalia;76;май.44;0.0;0.33613;0.11466;0.56778;0.3118;0.27225;2016
Kosovo;77;5.401;0.90145;0.66062;0.54;0.14396;0.06547;0.27992;2016
Turkey;78;5.389;1.16492;0.87717;0.64718;0.23889;0.12348;0.04707;2016
Indonesia;79;5.314;0.95104;0.87625;0.49374;0.39237;0.00322;0.56521;2016
Jordan;80;5.303;0.99673;0.86216;0.60712;0.36023;0.13297;0.14262;2016
Azerbaijan;81;5.291;1.12373;0.76042;0.54504;0.35327;0.17914;0.0564;2016
Philippines;82;5.279;0.81217;0.87877;0.47036;0.54854;0.11757;0.21674;2016
China;83;5.245;1.0278;0.79381;0.73561;0.44012;0.02745;0.04959;2016
Bhutan;84;5.196;0.8527;0.90836;0.49759;0.46074;0.1616;0.48546;2016
Kyrgyzstan;85;5.185;0.56044;0.95434;0.55449;0.40212;0.04762;0.38432;2016
Serbia;86;5.177;1.03437;0.81329;0.6458;0.15718;0.04339;0.20737;2016
Bosnia and Herzegovina;87;5.163;0.93383;0.64367;0.70766;0.09511;0.0;0.29889;2016
Montenegro;88;5.161;1.07838;0.74173;0.63533;0.15111;0.12721;0.17191;2016
Dominican Republic;89;5.155;1.02787;0.99496;0.57669;0.52259;0.12372;0.21286;2016
Morocco;90;5.151;0.84058;0.38595;0.59471;0.25646;0.08404;0.04053;2016
Hungary;91;5.145;1.24142;0.93164;0.67608;0.1977;0.04472;0.099;2016
Pakistan;92;5.132;0.68816;0.26135;0.40306;0.14622;0.1388;0.31185;2016
Lebanon;93;5.129;1.12268;0.64184;0.76171;0.26228;0.03061;0.23693;2016
Portugal;94;5.123;1.27607;0.94367;0.79363;0.44727;0.01521;0.11691;2016
Macedonia;95;5.121;1.0193;0.78236;0.64738;0.27668;0.07047;0.23507;2016
Vietnam;96;5.061;0.74037;0.79117;0.66157;0.55954;0.11556;0.25075;2016
Somaliland Region;97;5.057;0.25558;0.75862;0.33108;0.3913;0.36794;0.51479;2016
Tunisia;98;5.045;0.97724;0.43165;0.59577;0.23553;0.0817;0.03936;2016
Greece;99;5.033;1.24886;0.75473;0.80029;0.05822;0.04127;0.0;2016
Tajikistan;100;4.996;0.48835;0.75602;0.53119;0.43408;0.13509;0.25998;2016
Mongolia;101;4.907;0.98853;1.08983;0.55469;0.35972;0.03285;0.34539;2016
Laos;102;4.876;0.68042;0.5497;0.38291;0.52168;0.22423;0.43079;2016
Nigeria;103;4.875;0.75216;0.64498;0.05108;0.27854;0.0305;0.23219;2016
Honduras;104;4.871;0.69429;0.75596;0.58383;0.26755;0.06906;0.2044;2016
Iran;105;4.813;1.11758;0.38857;0.64232;0.22544;0.0557;0.38538;2016
Zambia;106;4.795;0.61202;0.6376;0.23573;0.42662;0.11479;0.17866;2016
Nepal;107;4.793;0.44626;0.69699;0.50073;0.37012;0.07008;0.3816;2016
Palestinian Territories;108;4.754;0.67024;0.71629;0.56844;0.17744;0.10613;0.11154;2016
Albania;109;4.655;0.9553;0.50163;0.73007;0.31866;0.05301;0.1684;2016
Bangladesh;110;4.643;0.54177;0.24749;0.52989;0.39778;0.12583;0.19132;2016
Sierra Leone;111;4.635;0.36485;0.628;0.0;0.30685;0.08196;0.23897;2016
Iraq;112;4.575;1.07474;0.59205;0.51076;0.24856;0.13636;0.19589;2016
Namibia;113;4.574;0.93287;0.70362;0.34745;0.48614;0.10398;0.07795;2016
Cameroon;114;4.513;0.52497;0.62542;0.12698;0.42736;0.06126;0.2268;2016
Ethiopia;115;4.508;0.29283;0.37932;0.34578;0.36703;0.1717;0.29522;2016
South Africa;116;4.459;1.02416;0.96053;0.18611;0.42483;0.08415;0.13656;2016
Sri Lanka;117;4.415;0.97318;0.84783;0.62007;0.50817;0.07964;0.46978;2016
India;118;4.404;0.74036;0.29247;0.45091;0.40285;0.08722;0.25028;2016
Myanmar;119;4.395;0.34112;0.69981;0.3988;0.42692;0.20243;0.81971;2016
Egypt;120;4.362;0.95395;0.49813;0.52116;0.18847;0.10393;0.12706;2016
Armenia;121;апр.36;0.86086;0.62477;0.64083;0.14037;0.03616;0.07793;2016
Kenya;122;4.356;0.52267;0.7624;0.30147;0.40576;0.06686;0.41328;2016
Ukraine;123;4.324;0.87287;1.01413;0.58628;0.12859;0.01829;0.20363;2016
Ghana;124;4.276;0.63107;0.49353;0.29681;0.40973;0.0326;0.21203;2016
Congo (Kinshasa);125;4.272;0.05661;0.80676;0.188;0.15602;0.06075;0.25458;2016
Georgia;126;4.252;0.83792;0.19249;0.64035;0.32461;0.3188;0.06786;2016
Congo (Brazzaville);127;4.236;0.77109;0.47799;0.28212;0.37938;0.09753;0.12077;2016
Senegal;128;4.219;0.44314;0.77416;0.40457;0.31056;0.11681;0.19103;2016
Bulgaria;129;4.217;1.11306;0.92542;0.67806;0.21219;0.00615;0.12793;2016
Mauritania;130;4.201;0.61391;0.84142;0.28639;0.1268;0.17955;0.22686;2016
Zimbabwe;131;4.193;0.35041;0.71478;0.1595;0.25429;0.08582;0.18503;2016
Malawi;132;4.156;0.08709;0.147;0.29364;0.4143;0.07564;0.30968;2016
Sudan;133;4.139;0.63069;0.81928;0.29759;0.0;0.10039;0.18077;2016
Gabon;134;4.121;1.15851;0.72368;0.3494;0.28098;0.09314;0.06244;2016
Mali;135;4.073;0.31292;0.86333;0.16347;0.27544;0.13647;0.21064;2016
Haiti;136;4.028;0.34097;0.29561;0.27494;0.12072;0.14476;0.47958;2016
Botswana;137;3.974;1.09426;0.89186;0.34752;0.44089;0.10769;0.12425;2016
Comoros;138;3.956;0.27509;0.60323;0.29981;0.15412;0.18437;0.1827;2016
Ivory Coast;139;3.916;0.55507;0.57576;0.04476;0.40663;0.1553;0.20338;2016
Cambodia;140;3.907;0.55604;0.5375;0.42494;0.58852;0.08092;0.40339;2016
Angola;141;3.866;0.84731;0.66366;0.04991;0.00589;0.08434;0.12071;2016
Niger;142;3.856;0.1327;0.6053;0.26162;0.38041;0.17176;0.2097;2016
South Sudan;143;3.832;0.39394;0.18519;0.15781;0.19662;0.13015;0.25899;2016
Chad;144;3.763;0.42214;0.63178;0.03824;0.12807;0.04952;0.18667;2016
Burkina Faso;145;3.739;0.31995;0.63054;0.21297;0.3337;0.12533;0.24353;2016
Uganda;145;3.739;0.34719;0.90981;0.19625;0.43653;0.06442;0.27102;2016
Yemen;147;3.724;0.57939;0.47493;0.31048;0.2287;0.05892;0.09821;2016
Madagascar;148;3.695;0.27954;0.46115;0.37109;0.13684;0.07506;0.2204;2016
Tanzania;149;3.666;0.47155;0.77623;0.357;0.3176;0.05099;0.31472;2016
Liberia;150;3.622;0.10706;0.50353;0.23165;0.25748;0.04852;0.24063;2016
Guinea;151;3.607;0.22415;0.3109;0.18829;0.30953;0.1192;0.29914;2016
Rwanda;152;3.515;0.32846;0.61586;0.31865;0.5432;0.50521;0.23552;2016
Benin;153;3.484;0.39499;0.10419;0.21028;0.39747;0.06681;0.2018;2016
Afghanistan;154;мар.36;0.38227;0.11037;0.17344;0.1643;0.07112;0.31268;2016
Togo;155;3.303;0.28123;0.0;0.24811;0.34678;0.11587;0.17517;2016
Syria;156;3.069;0.74719;0.14866;0.62994;0.06912;0.17233;0.48397;2016
Burundi;157;2.905;0.06831;0.23442;0.15747;0.0432;0.09419;0.2029;2016
Norway;1;7.537;1.6164632;1.5335236;0.7966665;0.6354226;0.31596383;0.36201224;2017
Denmark;2;7.522;1.482383;1.5511216;0.7925655;0.6260067;0.40077007;0.3552805;2017
Iceland;3;7.504;1.480633;1.610574;0.8335521;0.62716264;0.15352656;0.47554022;2017
Switzerland;4;7.494;1.5649796;1.5169117;0.8581313;0.6200706;0.3670073;0.29054928;2017
Finland;5;7.469;1.4435719;1.5402467;0.80915767;0.61795086;0.38261154;0.24548277;2017
Netherlands;6;7.377;1.5039446;1.4289392;0.8106961;0.5853845;0.28266183;0.47048983;2017
Canada;7;7.316;1.4792044;1.481349;0.83455765;0.6111009;0.28737152;0.43553972;2017
New Zealand;8;7.314;1.405706;1.5481951;0.8167597;0.61406213;0.3828167;0.5000051;2017
Sweden;9;7.284;1.4943873;1.4781622;0.83087516;0.6129241;0.38439873;0.38539925;2017
Australia;10;7.284;1.4844149;1.510042;0.8438868;0.6016074;0.30118373;0.47769925;2017
Israel;11;7.213;1.3753824;1.37629;0.838404;0.4059886;0.0852421;0.33008265;2017
Costa Rica;12;7.079;1.1097063;1.4164037;0.75950927;0.58013165;0.10010659;0.21461323;2017
Austria;13;7.006;1.4870973;1.459945;0.8153284;0.5677662;0.22106037;0.31647232;2017
United States;14;6.993;1.5462593;1.4199206;0.7742866;0.5057405;0.13563879;0.39257878;2017
Ireland;15;6.977;1.5357066;1.5582311;0.8097826;0.57311034;0.29838815;0.42785832;2017
Germany;16;6.951;1.4879234;1.4725204;0.79895073;0.5625114;0.27673194;0.33626917;2017
Belgium;17;6.891;1.4637808;1.4623127;0.81809187;0.5397707;0.25134313;0.23150334;2017
Luxembourg;18;6.863;1.7419436;1.4575837;0.8450895;0.5966279;0.31883442;0.28318098;2017
United Kingdom;19;6.714;1.4416339;1.4964601;0.80533594;0.50819004;0.26542807;0.49277416;2017
Chile;20;6.652;1.2527846;1.284025;0.8194797;0.37689528;0.08228798;0.32666242;2017
United Arab Emirates;21;6.648;1.6263434;1.2664102;0.72679824;0.60834527;0.32448956;0.36094195;2017
Brazil;22;6.635;1.1073532;1.431306;0.61655235;0.43745375;0.11109276;0.1623499;2017
Czech Republic;23;6.609;1.3526824;1.4338852;0.754444;0.49094617;0.036872927;0.08810676;2017
Argentina;24;6.599;1.1852955;1.4404511;0.6951371;0.4945192;0.059739888;0.10945706;2017
Mexico;25;6.578;1.1531838;1.2108622;0.709979;0.41273;0.13277411;0.12099043;2017
Singapore;26;6.572;1.6922777;1.3538144;0.9494924;0.54984057;0.46430779;0.34596598;2017
Malta;27;6.527;1.3432798;1.4884117;0.82194424;0.58876705;0.15306607;0.5747306;2017
Uruguay;28;6.454;1.2175597;1.4122279;0.7192168;0.57939225;0.17806187;0.17509693;2017
Guatemala;29;6.454;0.87200195;1.2555852;0.54024;0.5313106;0.07722328;0.2834884;2017
Panama;30;6.452;1.2337484;1.3731925;0.70615613;0.55002683;0.070983924;0.21055694;2017
France;31;6.442;1.4309235;1.3877769;0.84446585;0.47022212;0.17250243;0.1297623;2017
Thailand;32;6.424;1.1278688;1.4257925;0.647239;0.58020073;0.031612735;0.5721231;2017
Taiwan Province of China;33;6.422;1.4336265;1.3845654;0.79398423;0.3614666;0.063829236;0.25836048;2017
Spain;34;6.403;1.3843979;1.5320909;0.8889606;0.40878123;0.0709141;0.19013357;2017
Qatar;35;6.375;1.8707657;1.2742969;0.7100981;0.604131;0.43929926;0.33047387;2017
Colombia;36;6.357;1.0706223;1.4021829;0.5950279;0.47748742;0.04666874;0.14901447;2017
Saudi Arabia;37;6.344;1.5306236;1.2866776;0.5901483;0.44975057;0.27343225;0.14761601;2017
Trinidad and Tobago;38;6.168;1.3613559;1.3802285;0.5199833;0.51863074;0.008964816;0.32529646;2017
Kuwait;39;6.105;1.6329525;1.2596987;0.6321057;0.4963376;0.21515955;0.2282898;2017
Slovakia;40;6.098;1.3253936;1.5050592;0.7127329;0.29581746;0.024210852;0.13654448;2017
Bahrain;41;6.087;1.4884123;1.3231105;0.65313303;0.5367469;0.25704217;0.17266849;2017
Malaysia;42;6.084;1.2912154;1.284646;0.6187844;0.40226498;0.06560071;0.41660893;2017
Nicaragua;43;6.071;0.7372992;1.2872157;0.65309596;0.44755185;0.13068798;0.30167422;2017
Ecuador;44;6.008;1.0008204;1.2861688;0.6856362;0.4551982;0.14013465;0.15011247;2017
El Salvador;45;6.003;0.9097845;1.1821251;0.59601855;0.43245253;0.08998096;0.078257985;2017
Poland;46;5.973;1.2917879;1.445712;0.69947535;0.5203421;0.059307806;0.15846597;2017
Uzbekistan;47;5.971;0.7864411;1.5489691;0.49827263;0.65824866;0.24652822;0.41598365;2017
Italy;48;5.964;1.3950666;1.4449233;0.85314435;0.2564507;0.028028091;0.17278965;2017
Russia;49;5.963;1.2817781;1.4692824;0.54734933;0.3737831;0.03296288;0.052263822;2017
Belize;50;5.956;0.9079753;1.0814178;0.45019177;0.5475094;0.09658107;0.24001564;2017
Japan;51;май.92;1.4169152;1.4363378;0.9134759;0.50562555;0.16376074;0.12057277;2017
Lithuania;52;5.902;1.3145823;1.4735161;0.62894994;0.23423178;0.011865643;0.010164657;2017
Algeria;53;5.872;1.0918645;1.1462175;0.61758465;0.23333581;0.14609611;0.06943665;2017
Latvia;54;май.85;1.2607486;1.404715;0.638567;0.3257079;0.07384273;0.15307479;2017
South Korea;55;5.838;1.4016784;1.1282744;0.9002141;0.25792167;0.06328267;0.20667437;2017
Moldova;56;5.838;0.72887063;1.2518256;0.5894652;0.24072905;0.010091286;0.20877913;2017
Romania;57;5.825;1.2176839;1.1500913;0.6851583;0.45700374;0.0043879007;0.13351992;2017
Bolivia;58;5.823;0.83375657;1.227619;0.47363025;0.5587329;0.060477726;0.22556072;2017
Turkmenistan;59;5.822;1.1307768;1.4931492;0.43772608;0.41827193;0.25927034;0.24992499;2017
Kazakhstan;60;5.819;1.2845563;1.384369;0.60604155;0.43745428;0.11928289;0.20196442;2017
North Cyprus;61;май.81;1.3469113;1.1863034;0.83464724;0.47120363;0.15535335;0.2668457;2017
Slovenia;62;5.758;1.341206;1.4525188;0.7908282;0.5725758;0.04512898;0.2426491;2017
Peru;63;5.715;1.0352253;1.2187704;0.6301661;0.45000288;0.047049087;0.12681971;2017
Mauritius;64;5.629;1.1893955;1.209561;0.63800746;0.49124733;0.042181555;0.36093375;2017
Cyprus;65;5.621;1.3559381;1.1313633;0.8447147;0.35511154;0.041237976;0.2712543;2017
Estonia;66;5.611;1.3208793;1.4766711;0.6951683;0.47913143;0.18324892;0.09889081;2017
Belarus;67;5.569;1.1565576;1.4449452;0.63771427;0.29540026;0.15631382;0.15513751;2017
Libya;68;5.525;1.1018031;1.3575643;0.520169;0.46573323;0.09261021;0.15207367;2017
Turkey;69;05.май;1.1982744;1.3377532;0.6376056;0.3007406;0.09967158;0.046693042;2017
Paraguay;70;5.493;0.9325373;1.5072849;0.5792507;0.4735078;0.09106591;0.22415066;2017
Hong Kong S.A.R., China;71;5.472;1.5516748;1.2627909;0.9430624;0.49096864;0.29393375;0.3744658;2017
Philippines;72;май.43;0.8576992;1.2539176;0.46800905;0.5852147;0.09933189;0.19351342;2017
Serbia;73;5.395;1.0693176;1.2581898;0.6507847;0.20871553;0.04090378;0.22012588;2017
Jordan;74;5.336;0.9910124;1.2390889;0.60459006;0.41842115;0.11980327;0.17217046;2017
Hungary;75;5.324;1.2860119;1.3431331;0.68776345;0.17586352;0.036636937;0.07840166;2017
Jamaica;76;5.311;0.9255793;1.3682181;0.6410224;0.47430724;0.05526778;0.23381834;2017
Croatia;77;5.293;1.2225562;0.967983;0.7012885;0.2557723;0.04310311;0.24800298;2017
Kosovo;78;5.279;0.9514844;1.1378535;0.54145205;0.26028794;0.057471618;0.31993145;2017
China;79;5.273;1.0811658;1.1608374;0.7414155;0.4727877;0.022794275;0.028806841;2017
Pakistan;80;5.269;0.72688353;0.6726907;0.40204778;0.23521526;0.12434807;0.31544602;2017
Indonesia;81;5.262;0.9955386;1.2744447;0.49234572;0.44332346;0.0153171355;0.6117046;2017
Venezuela;82;май.25;1.1284312;1.4313376;0.6171442;0.15399712;0.06449112;0.06501963;2017
Montenegro;83;5.237;1.121129;1.2383765;0.6674647;0.19498906;0.088174194;0.19791102;2017
Morocco;84;5.235;0.8781146;0.77486444;0.59771067;0.40815833;0.08776318;0.032209955;2017
Azerbaijan;85;5.234;1.1536018;1.1524003;0.5407758;0.39815584;0.1809875;0.04526934;2017
Dominican Republic;86;май.23;1.0793738;1.4024167;0.57487375;0.55258983;0.11394525;0.18696785;2017
Greece;87;5.227;1.2894875;1.2394146;0.8101989;0.09573125;0.043289777;0.0;2017
Lebanon;88;5.225;1.0749875;1.1296242;0.7350811;0.28851599;0.03751383;0.26445076;2017
Portugal;89;5.195;1.3151753;1.367043;0.79584354;0.4984653;0.015869452;0.09510271;2017
Bosnia and Herzegovina;90;5.182;0.9824094;1.0693359;0.7051863;0.20440318;0.0;0.3288675;2017
Honduras;91;5.181;0.7305731;1.143945;0.5825695;0.34807986;0.07334545;0.23618887;2017
Macedonia;92;5.175;1.0645779;1.207893;0.6449482;0.32590598;0.060277794;0.25376096;2017
Somalia;93;5.151;0.022643184;0.72115135;0.11398914;0.60212696;0.28241032;0.2916313;2017
Vietnam;94;5.074;0.7885476;1.2774913;0.652169;0.5710556;0.08763324;0.23496805;2017
Nigeria;95;5.074;0.78375626;1.2157705;0.05691573;0.39495257;0.026121566;0.2309472;2017
Tajikistan;96;5.041;0.52471364;1.2714633;0.5292351;0.4715667;0.14637715;0.24899764;2017
Bhutan;97;5.011;0.8854164;1.3401265;0.4958793;0.5015377;0.17338039;0.47405455;2017
Kyrgyzstan;98;5.004;0.5962201;1.3942386;0.5534578;0.4549434;0.03943918;0.42858037;2017
Nepal;99;4.962;0.4798202;1.1792833;0.5041308;0.44030595;0.072975546;0.39409617;2017
Mongolia;100;4.955;1.0272359;1.4930112;0.5577835;0.39414397;0.03290229;0.33846423;2017
South Africa;101;4.829;1.0546987;1.3847886;0.18708007;0.47924674;0.0725095;0.13936238;2017
Tunisia;102;4.805;1.0072658;0.86835146;0.61321205;0.2896807;0.08672315;0.049693357;2017
Palestinian Territories;103;4.775;0.7162492;1.1556472;0.565667;0.25471106;0.0892826;0.114173174;2017
Egypt;104;4.735;0.9897018;0.9974714;0.52018726;0.28211015;0.114381365;0.12863144;2017
Bulgaria;105;4.714;1.1614591;1.4343795;0.7082177;0.28923172;0.011051531;0.113177694;2017
Sierra Leone;106;4.709;0.36842093;0.98413604;0.005564754;0.3186977;0.071095176;0.2930409;2017
Cameroon;107;4.695;0.56430537;0.9460182;0.13289212;0.43038875;0.05130663;0.23629846;2017
Iran;108;4.692;1.1568731;0.71155125;0.6393332;0.24932261;0.048761073;0.3872429;2017
Albania;109;4.644;0.99619275;0.80368525;0.73115975;0.38149863;0.039864216;0.20131294;2017
Bangladesh;110;4.608;0.586683;0.73513174;0.53324103;0.47835666;0.12371786;0.17225535;2017
Namibia;111;4.574;0.9644343;1.0984708;0.3386118;0.52030355;0.09314697;0.077133745;2017
Kenya;112;4.553;0.56047946;1.0679507;0.30998835;0.45276377;0.06464132;0.4448603;2017
Mozambique;113;апр.55;0.23430565;0.870701;0.106654435;0.4807911;0.17943639;0.3222281;2017
Myanmar;114;4.545;0.36711055;1.123236;0.39752257;0.51449203;0.1888162;0.83807516;2017
Senegal;115;4.535;0.47930902;1.1796919;0.40936285;0.37792227;0.11546045;0.1834689;2017
Zambia;116;4.514;0.6364068;1.0031873;0.2578359;0.4616035;0.07821355;0.24958014;2017
Iraq;117;4.497;1.1027105;0.9786132;0.50118047;0.28855553;0.107215755;0.19963726;2017
Gabon;118;4.465;1.1982102;1.1556202;0.3565786;0.31232858;0.07604679;0.04378538;2017
Ethiopia;119;апр.46;0.33923385;0.8646692;0.3534097;0.40884274;0.16545571;0.31265074;2017
Sri Lanka;120;апр.44;1.0098501;1.2599764;0.62513083;0.56121325;0.073653966;0.49086356;2017
Armenia;121;4.376;0.90059674;1.0074837;0.6375244;0.19830327;0.026674422;0.08348809;2017
India;122;4.315;0.79222125;0.7543726;0.45542762;0.469987;0.092226885;0.23153849;2017
Mauritania;123;4.292;0.6484573;1.2720308;0.28534928;0.09609804;0.136957;0.20187002;2017
Congo (Brazzaville);124;4.291;0.80896425;0.83204436;0.28995743;0.43502587;0.07961813;0.12085213;2017
Georgia;125;4.286;0.95061266;0.57061493;0.649547;0.30941004;0.25166664;0.054008815;2017
Congo (Kinshasa);126;апр.28;0.09210235;1.2290235;0.19140702;0.23596135;0.060241356;0.24645583;2017
Mali;127;апр.19;0.4761805;1.2814734;0.16936567;0.30661374;0.10497025;0.1833542;2017
Ivory Coast;128;апр.18;0.6030489;0.90478003;0.04864217;0.4477062;0.13006178;0.20123747;2017
Cambodia;129;4.168;0.6017651;1.0062383;0.4297834;0.6333758;0.06810595;0.38592297;2017
Sudan;130;4.139;0.6595167;1.2140086;0.29092082;0.014995855;0.08984752;0.18231745;2017
Ghana;131;04.дек;0.6672248;0.87366474;0.29563773;0.4230263;0.02533637;0.25692394;2017
Ukraine;132;4.096;0.89465195;1.3945376;0.57590395;0.122974776;0.02302947;0.27006146;2017
Uganda;133;4.081;0.38143072;1.1298277;0.2176326;0.44318596;0.05706972;0.32576606;2017
Burkina Faso;134;4.032;0.3502277;1.04328;0.21584426;0.32436785;0.120328106;0.25086468;2017
Niger;135;4.028;0.16192533;0.993025;0.268505;0.3636587;0.13857295;0.22867385;2017
Malawi;136;мар.97;0.23344204;0.51256883;0.31508958;0.46691465;0.072711654;0.28717047;2017
Chad;137;3.936;0.438013;0.9538559;0.041134715;0.16234203;0.053581882;0.21611385;2017
Zimbabwe;138;3.875;0.37584653;1.0830959;0.19676375;0.3363842;0.09537538;0.1891435;2017
Lesotho;139;3.808;0.52102125;1.1900952;0.0;0.3906613;0.11909464;0.15749727;2017
Angola;140;3.795;0.8584282;1.104412;0.049868666;0.0;0.069720335;0.09792649;2017
Afghanistan;141;3.794;0.40147722;0.5815433;0.18074678;0.10617952;0.06115783;0.31187093;2017
Botswana;142;3.766;1.1220942;1.221555;0.3417555;0.50519633;0.0985832;0.09934845;2017
Benin;143;3.657;0.4310854;0.43529984;0.20993021;0.42596278;0.060929015;0.20794846;2017
Madagascar;144;3.644;0.3058087;0.9130204;0.3752233;0.18919677;0.067231975;0.20873253;2017
Haiti;145;3.603;0.36861026;0.6404498;0.27732113;0.030369857;0.09987215;0.48920378;2017
Yemen;146;3.593;0.59168345;0.93538225;0.31008092;0.24946372;0.056767423;0.10412521;2017
South Sudan;147;3.591;0.39724863;0.6013231;0.163486;0.14706244;0.11679351;0.28567082;2017
Liberia;148;3.533;0.11904179;0.87211794;0.2299182;0.33288118;0.03894825;0.2665499;2017
Guinea;149;3.507;0.24454993;0.7912447;0.19412914;0.3485875;0.11093762;0.2648151;2017
Togo;150;3.495;0.30544472;0.43188253;0.24710557;0.38042614;0.095665015;0.19689615;2017
Rwanda;151;3.471;0.3687459;0.945707;0.3264248;0.58184385;0.45522;0.25275603;2017
Syria;152;3.462;0.77715313;0.3961026;0.50053334;0.081539445;0.15134713;0.49366373;2017
Tanzania;153;3.349;0.5111359;1.0419898;0.36450928;0.39001778;0.06603511;0.35425636;2017
Burundi;154;2.905;0.09162257;0.6297936;0.15161079;0.059900753;0.084147945;0.20443518;2017
Central African Republic;155;2.693;0.0;0.0;0.018772686;0.27084205;0.056565076;0.2808765;2017
Finland;1;7.632;1.305;1.592;0.874;0.681;0.393;0.202;2018
Norway;2;7.594;1.456;1.582;0.861;0.686;0.34;0.286;2018
Denmark;3;7.555;1.351;янв.59;0.868;0.683;0.408;0.284;2018
Iceland;4;7.495;1.343;1.644;0.914;0.677;0.138;0.353;2018
Switzerland;5;7.487;янв.42;1.549;0.927;0.66;0.357;0.256;2018
Netherlands;6;7.441;1.361;1.488;0.878;0.638;0.295;0.333;2018
Canada;7;7.328;янв.33;1.532;0.896;0.653;0.291;0.321;2018
New Zealand;8;7.324;1.268;1.601;0.876;0.669;0.389;0.365;2018
Sweden;9;7.314;1.355;1.501;0.913;0.659;0.383;0.285;2018
Australia;10;7.272;янв.34;1.573;0.91;0.647;0.302;0.361;2018
United Kingdom;11;июл.19;1.244;1.433;0.888;0.464;0.082;0.262;2018
Austria;12;7.139;1.341;1.504;0.891;0.617;0.224;0.242;2018
Costa Rica;13;7.072;01.янв;1.459;0.817;0.632;0.101;0.143;2018
Ireland;14;6.977;1.448;1.583;0.876;0.614;0.306;0.307;2018
Germany;15;6.965;янв.34;1.474;0.861;0.586;0.28;0.273;2018
Belgium;16;6.927;1.324;1.483;0.894;0.583;0.24;0.188;2018
Luxembourg;17;июн.91;1.576;янв.52;0.896;0.632;0.321;0.196;2018
United States;18;6.886;1.398;1.471;0.819;0.547;0.133;0.291;2018
Israel;19;6.814;1.301;1.559;0.883;0.533;0.272;0.354;2018
United Arab Emirates;20;6.774;2.096;0.776;0.67;0.284;;0.186;2018
Czech Republic;21;6.711;1.233;1.489;0.854;0.543;0.034;0.064;2018
Malta;22;6.627;янв.27;1.525;0.884;0.645;0.142;0.376;2018
France;23;6.489;1.293;1.466;0.908;0.52;0.176;0.098;2018
Mexico;24;6.488;1.038;1.252;0.761;0.479;0.095;0.069;2018
Chile;25;6.476;1.131;1.331;0.808;0.431;0.061;0.197;2018
Taiwan;26;6.441;1.365;1.436;0.857;0.418;0.078;0.151;2018
Panama;27;июн.43;1.112;1.438;0.759;0.597;0.063;0.125;2018
Brazil;28;6.419;0.986;1.474;0.675;0.493;0.088;0.11;2018
Argentina;29;6.388;1.073;1.468;0.744;0.57;0.054;0.062;2018
Guatemala;30;6.382;0.781;1.268;0.608;0.604;0.071;0.179;2018
Uruguay;31;6.379;1.093;1.459;0.771;0.625;0.155;0.13;2018
Qatar;32;6.374;1.649;1.303;0.748;0.654;0.171;0.256;2018
Saudi Arabia;33;6.371;1.379;1.331;0.633;0.509;0.127;0.098;2018
Singapore;34;6.343;1.529;1.451;1.008;0.631;0.457;0.261;2018
Malaysia;35;6.322;1.161;1.258;0.669;0.356;0.059;0.311;2018
Spain;36;июн.31;1.251;1.538;0.965;0.449;0.074;0.142;2018
Colombia;37;июн.26;0.96;1.439;0.635;0.531;0.039;0.099;2018
Trinidad & Tobago;38;6.192;1.223;1.492;0.564;0.575;0.019;0.171;2018
Slovakia;39;6.173;янв.21;1.537;0.776;0.354;0.014;0.118;2018
El Salvador;40;6.167;0.806;1.231;0.639;0.461;0.082;0.065;2018
Nicaragua;41;6.141;0.668;1.319;0.7;0.527;0.128;0.208;2018
Poland;42;6.123;1.176;1.448;0.781;0.546;0.064;0.108;2018
Bahrain;43;6.105;1.338;1.366;0.698;0.594;0.123;0.243;2018
Uzbekistan;44;6.096;0.719;1.584;0.605;0.724;0.259;0.328;2018
Kuwait;45;6.083;1.474;1.301;0.675;0.554;0.106;0.167;2018
Thailand;46;6.072;1.016;1.417;0.707;0.637;0.029;0.364;2018
Italy;47;6.0;1.264;1.501;0.946;0.281;0.028;0.137;2018
Ecuador;48;5.973;0.889;янв.33;0.736;0.556;0.12;0.114;2018
Belize;49;5.956;0.807;1.101;0.474;0.593;0.089;0.183;2018
Lithuania;50;5.952;1.197;1.527;0.716;0.35;0.006;0.026;2018
Slovenia;51;5.948;1.219;1.506;0.856;0.633;0.051;0.16;2018
Romania;52;5.945;1.116;1.219;0.726;0.528;0.001;0.088;2018
Latvia;53;5.933;1.148;1.454;0.671;0.363;0.066;0.092;2018
Japan;54;5.915;1.294;1.462;0.988;0.553;0.15;0.079;2018
Mauritius;55;5.891;01.сен;1.387;0.684;0.584;0.05;0.245;2018
Jamaica;56;май.89;0.819;1.493;0.693;0.575;0.031;0.096;2018
South Korea;57;5.875;1.266;1.204;0.955;0.244;0.051;0.175;2018
Northern Cyprus;58;5.835;1.229;1.211;0.909;0.495;0.154;0.179;2018
Russia;59;май.81;1.151;1.479;0.599;0.399;0.025;0.065;2018
Kazakhstan;60;май.79;1.143;1.516;0.631;0.454;0.121;0.148;2018
Cyprus;61;5.762;1.229;1.191;0.909;0.423;0.035;0.202;2018
Bolivia;62;5.752;0.751;1.223;0.508;0.606;0.054;0.141;2018
Estonia;63;5.739;01.фев;1.532;0.737;0.553;0.174;0.086;2018
Paraguay;64;5.681;0.835;1.522;0.615;0.541;0.074;0.162;2018
Peru;65;5.663;0.934;1.249;0.674;0.53;0.034;0.092;2018
Kosovo;66;5.662;0.855;янв.23;0.578;0.448;0.023;0.274;2018
Moldova;67;май.64;0.657;1.301;0.62;0.232;0.0;0.171;2018
Turkmenistan;68;5.636;1.016;1.533;0.517;0.417;0.037;0.199;2018
Hungary;69;май.62;1.171;1.401;0.732;0.259;0.022;0.061;2018
Libya;70;5.566;0.985;янв.35;0.553;0.496;0.148;0.116;2018
Philippines;71;5.524;0.775;1.312;0.513;0.643;0.105;0.12;2018
Honduras;72;5.504;0.62;1.205;0.622;0.459;0.074;0.197;2018
Belarus;73;5.483;1.039;1.498;0.7;0.307;0.154;0.101;2018
Turkey;74;5.483;1.148;янв.38;0.686;0.324;0.109;0.106;2018
Pakistan;75;5.472;0.652;0.81;0.424;0.334;0.113;0.216;2018
Hong Kong;76;май.43;1.405;янв.29;01.мар;0.524;0.291;0.246;2018
Portugal;77;май.41;1.188;1.429;0.884;0.562;0.017;0.055;2018
Serbia;78;5.398;0.975;1.369;0.685;0.288;0.043;0.134;2018
Greece;79;5.358;1.154;1.202;0.879;0.131;0.044;0.0;2018
Lebanon;80;5.358;0.965;1.179;0.785;0.503;0.136;0.214;2018
Montenegro;81;5.347;1.017;1.279;0.729;0.259;0.081;0.111;2018
Croatia;82;5.321;1.115;1.161;0.737;0.38;0.039;0.12;2018
Dominican Republic;83;5.302;0.982;1.441;0.614;0.578;0.106;0.12;2018
Algeria;84;5.295;0.979;1.154;0.687;0.077;0.135;0.055;2018
Morocco;85;5.254;0.779;0.797;0.669;0.46;0.074;0.026;2018
China;86;5.246;0.989;1.142;0.799;0.597;0.103;0.029;2018
Azerbaijan;87;5.201;1.024;1.161;0.603;0.43;0.176;0.031;2018
Tajikistan;88;5.199;0.474;1.166;0.598;0.292;0.034;0.187;2018
Macedonia;89;5.185;0.959;1.239;0.691;0.394;0.052;0.173;2018
Jordan;90;5.161;0.822;1.265;0.645;0.468;0.134;0.13;2018
Nigeria;91;5.155;0.689;1.172;0.048;0.462;0.032;0.201;2018
Kyrgyzstan;92;5.131;0.53;1.416;0.594;0.54;0.035;0.281;2018
Bosnia and Herzegovina;93;5.129;0.915;1.078;0.758;0.28;0.0;0.216;2018
Mongolia;94;5.125;0.914;1.517;0.575;0.395;0.032;0.253;2018
Vietnam;95;5.103;0.715;1.365;0.702;0.618;0.079;0.177;2018
Indonesia;96;5.093;0.899;1.215;0.522;0.538;0.018;0.484;2018
Bhutan;97;5.082;0.796;1.335;0.527;0.541;0.171;0.364;2018
Somalia;98;4.982;0.0;0.712;0.115;0.674;0.282;0.238;2018
Cameroon;99;4.975;0.535;0.891;0.182;0.454;0.043;0.183;2018
Bulgaria;100;4.933;1.054;1.515;0.712;0.359;0.009;0.064;2018
Nepal;101;апр.88;0.425;1.228;0.539;0.526;0.078;0.302;2018
Venezuela;102;4.806;0.996;1.469;0.657;0.133;0.052;0.056;2018
Gabon;103;4.758;1.036;1.164;0.404;0.356;0.052;0.032;2018
Palestinian Territories;104;4.743;0.642;1.217;0.602;0.266;0.076;0.086;2018
South Africa;105;4.724;0.94;янв.41;0.33;0.516;0.056;0.103;2018
Iran;106;4.707;1.059;0.771;0.691;0.459;0.129;0.282;2018
Ivory Coast;107;4.671;0.541;0.872;0.08;0.467;0.103;0.146;2018
Ghana;108;4.657;0.592;0.896;0.337;0.499;0.029;0.212;2018
Senegal;109;4.631;0.429;1.117;0.433;0.406;0.082;0.138;2018
Laos;110;4.623;0.72;1.034;0.441;0.626;0.174;0.23;2018
Tunisia;111;4.592;0.9;0.906;0.69;0.271;0.063;0.04;2018
Albania;112;4.586;0.916;0.817;0.79;0.419;0.032;0.149;2018
Sierra Leone;113;4.571;0.256;0.813;0.0;0.355;0.053;0.238;2018
Congo (Brazzaville);114;4.559;0.682;0.811;0.343;0.514;0.077;0.091;2018
Bangladesh;115;04.май;0.532;0.85;0.579;0.58;0.144;0.153;2018
Sri Lanka;116;4.471;0.918;1.314;0.672;0.585;0.05;0.307;2018
Iraq;117;4.456;01.янв;0.971;0.536;0.304;0.095;0.148;2018
Mali;118;4.447;0.37;1.233;0.152;0.367;0.056;0.139;2018
Namibia;119;4.441;0.874;1.281;0.365;0.519;0.064;0.051;2018
Cambodia;120;4.433;0.549;1.088;0.457;0.696;0.065;0.256;2018
Burkina Faso;121;4.424;0.314;1.097;0.254;0.312;0.128;0.175;2018
Egypt;122;4.419;0.885;1.025;0.553;0.312;0.107;0.092;2018
Mozambique;123;4.417;0.198;0.902;0.173;0.531;0.158;0.206;2018
Kenya;124;апр.41;0.493;1.048;0.454;0.504;0.055;0.352;2018
Zambia;125;4.377;0.562;1.047;0.295;0.503;0.082;0.221;2018
Mauritania;126;4.356;0.557;1.245;0.292;0.129;0.093;0.134;2018
Ethiopia;127;апр.35;0.308;0.95;0.391;0.452;0.146;0.22;2018
Georgia;128;апр.34;0.853;0.592;0.643;0.375;0.215;0.038;2018
Armenia;129;4.321;0.816;0.99;0.666;0.26;0.028;0.077;2018
Myanmar;130;4.308;0.682;1.174;0.429;0.58;0.178;0.598;2018
Chad;131;4.301;0.358;0.907;0.053;0.189;0.06;0.181;2018
Congo (Kinshasa);132;4.245;0.069;1.136;0.204;0.312;0.052;0.197;2018
India;133;апр.19;0.721;0.747;0.485;0.539;0.093;0.172;2018
Niger;134;4.166;0.131;0.867;0.221;0.39;0.099;0.175;2018
Uganda;135;4.161;0.322;01.сен;0.237;0.45;0.061;0.259;2018
Benin;136;4.141;0.378;0.372;0.24;0.44;0.067;0.163;2018
Sudan;137;4.139;0.605;янв.24;0.312;0.016;0.082;0.134;2018
Ukraine;138;4.103;0.793;1.413;0.609;0.163;0.011;0.187;2018
Togo;139;3.999;0.259;0.474;0.253;0.434;0.101;0.158;2018
Guinea;140;3.964;0.344;0.792;0.211;0.394;0.094;0.185;2018
Lesotho;141;3.808;0.472;1.215;0.079;0.423;0.112;0.116;2018
Angola;142;3.795;0.73;1.125;0.269;0.0;0.061;0.079;2018
Madagascar;143;3.774;0.262;0.908;0.402;0.221;0.049;0.155;2018
Zimbabwe;144;3.692;0.357;1.094;0.248;0.406;0.099;0.132;2018
Afghanistan;145;3.632;0.332;0.537;0.255;0.085;0.036;0.191;2018
Botswana;146;мар.59;1.017;1.174;0.417;0.557;0.092;0.042;2018
Malawi;147;3.587;0.186;0.541;0.306;0.531;0.08;0.21;2018
Haiti;148;3.582;0.315;0.714;0.289;0.025;0.104;0.392;2018
Liberia;149;3.495;0.076;0.858;0.267;0.419;0.03;0.206;2018
Syria;150;3.462;0.689;0.382;0.539;0.088;0.144;0.376;2018
Rwanda;151;3.408;0.332;0.896;0.4;0.636;0.444;0.2;2018
Yemen;152;3.355;0.442;1.073;0.343;0.244;0.064;0.083;2018
Tanzania;153;3.303;0.455;0.991;0.381;0.481;0.097;0.27;2018
South Sudan;154;3.254;0.337;0.608;0.177;0.112;0.106;0.224;2018
Central African Republic;155;3.083;0.024;0.0;0.01;0.305;0.038;0.218;2018
Burundi;156;2.905;0.091;0.627;0.145;0.065;0.076;0.149;2018
Finland;1;7.769;янв.34;1.587;0.986;0.596;0.393;0.153;2019
Denmark;2;07.июн;1.383;1.573;0.996;0.592;0.41;0.252;2019
Norway;3;7.554;1.488;1.582;1.028;0.603;0.341;0.271;2019
Iceland;4;7.494;янв.38;1.624;1.026;0.591;0.118;0.354;2019
Netherlands;5;7.488;1.396;1.522;0.999;0.557;0.298;0.322;2019
Switzerland;6;июл.48;1.452;1.526;1.052;0.572;0.343;0.263;2019
Sweden;7;7.343;1.387;1.487;1.009;0.574;0.373;0.267;2019
New Zealand;8;7.307;1.303;1.557;1.026;0.585;0.38;0.33;2019
Canada;9;7.278;1.365;1.505;1.039;0.584;0.308;0.285;2019
Austria;10;7.246;1.376;1.475;1.016;0.532;0.226;0.244;2019
Australia;11;7.228;1.372;1.548;1.036;0.557;0.29;0.332;2019
Costa Rica;12;7.167;1.034;1.441;0.963;0.558;0.093;0.144;2019
Israel;13;7.139;1.276;1.455;1.029;0.371;0.082;0.261;2019
Luxembourg;14;07.сен;1.609;1.479;1.012;0.526;0.316;0.194;2019
United Kingdom;15;7.054;1.333;1.538;0.996;0.45;0.278;0.348;2019
Ireland;16;7.021;1.499;1.553;0.999;0.516;0.31;0.298;2019
Germany;17;6.985;1.373;1.454;0.987;0.495;0.265;0.261;2019
Belgium;18;6.923;1.356;1.504;0.986;0.473;0.21;0.16;2019
United States;19;6.892;1.433;1.457;0.874;0.454;0.128;0.28;2019
Czech Republic;20;6.852;1.269;1.487;0.92;0.457;0.036;0.046;2019
United Arab Emirates;21;6.825;1.503;янв.31;0.825;0.598;0.182;0.262;2019
Malta;22;6.726;01.мар;янв.52;0.999;0.564;0.151;0.375;2019
Mexico;23;6.595;01.июл;1.323;0.861;0.433;0.073;0.074;2019
France;24;6.592;1.324;1.472;1.045;0.436;0.183;0.111;2019
Taiwan;25;6.446;1.368;янв.43;0.914;0.351;0.097;0.242;2019
Chile;26;6.444;1.159;1.369;0.92;0.357;0.056;0.187;2019
Guatemala;27;6.436;0.8;1.269;0.746;0.535;0.078;0.175;2019
Saudi Arabia;28;6.375;1.403;1.357;0.795;0.439;0.132;0.08;2019
Qatar;29;6.374;1.684;1.313;0.871;0.555;0.167;0.22;2019
Spain;30;6.354;1.286;1.484;1.062;0.362;0.079;0.153;2019
Panama;31;6.321;1.149;1.442;0.91;0.516;0.054;0.109;2019
Brazil;32;06.мар;1.004;1.439;0.802;0.39;0.086;0.099;2019
Uruguay;33;6.293;1.124;1.465;0.891;0.523;0.15;0.127;2019
Singapore;34;6.262;1.572;1.463;1.141;0.556;0.453;0.271;2019
El Salvador;35;6.253;0.794;1.242;0.789;0.43;0.074;0.093;2019
Italy;36;6.223;1.294;1.488;1.039;0.231;0.03;0.158;2019
Bahrain;37;6.199;1.362;1.368;0.871;0.536;0.11;0.255;2019
Slovakia;38;6.198;1.246;1.504;0.881;0.334;0.014;0.121;2019
Trinidad & Tobago;39;6.192;1.231;1.477;0.713;0.489;0.016;0.185;2019
Poland;40;6.182;1.206;1.438;0.884;0.483;0.05;0.117;2019
Uzbekistan;41;6.174;0.745;1.529;0.756;0.631;0.24;0.322;2019
Lithuania;42;6.149;1.238;1.515;0.818;0.291;0.042;0.043;2019
Colombia;43;6.125;0.985;янв.41;0.841;0.47;0.034;0.099;2019
Slovenia;44;6.118;1.258;1.523;0.953;0.564;0.057;0.144;2019
Nicaragua;45;6.105;0.694;1.325;0.835;0.435;0.127;0.2;2019
Kosovo;46;06.янв;0.882;1.232;0.758;0.489;0.006;0.262;2019
Argentina;47;6.086;1.092;1.432;0.881;0.471;0.05;0.066;2019
Romania;48;06.июл;1.162;1.232;0.825;0.462;0.005;0.083;2019
Cyprus;49;6.046;1.263;1.223;1.042;0.406;0.041;0.19;2019
Ecuador;50;6.028;0.912;1.312;0.868;0.498;0.087;0.126;2019
Kuwait;51;6.021;01.май;1.319;0.808;0.493;0.097;0.142;2019
Thailand;52;6.008;01.май;1.409;0.828;0.557;0.028;0.359;2019
Latvia;53;май.94;1.187;1.465;0.812;0.264;0.064;0.075;2019
South Korea;54;5.895;1.301;1.219;1.036;0.159;0.056;0.175;2019
Estonia;55;5.893;1.237;1.528;0.874;0.495;0.161;0.103;2019
Jamaica;56;май.89;0.831;1.478;0.831;0.49;0.028;0.107;2019
Mauritius;57;5.888;01.дек;1.402;0.798;0.498;0.06;0.215;2019
Japan;58;5.886;1.327;1.419;1.088;0.445;0.14;0.069;2019
Honduras;59;май.86;0.642;1.236;0.828;0.507;0.078;0.246;2019
Kazakhstan;60;5.809;1.173;1.508;0.729;0.41;0.096;0.146;2019
Bolivia;61;5.779;0.776;1.209;0.706;0.511;0.064;0.137;2019
Hungary;62;5.758;1.201;янв.41;0.828;0.199;0.02;0.081;2019
Paraguay;63;5.743;0.855;1.475;0.777;0.514;0.08;0.184;2019
Northern Cyprus;64;5.718;1.263;1.252;1.042;0.417;0.162;0.191;2019
Peru;65;5.697;0.96;1.274;0.854;0.455;0.027;0.083;2019
Portugal;66;5.693;1.221;1.431;0.999;0.508;0.025;0.047;2019
Pakistan;67;5.653;0.677;0.886;0.535;0.313;0.098;0.22;2019
Russia;68;5.648;1.183;1.452;0.726;0.334;0.031;0.082;2019
Philippines;69;5.631;0.807;1.293;0.657;0.558;0.107;0.117;2019
Serbia;70;5.603;1.004;1.383;0.854;0.282;0.039;0.137;2019
Moldova;71;5.529;0.685;1.328;0.739;0.245;0.0;0.181;2019
Libya;72;5.525;1.044;1.303;0.673;0.416;0.152;0.133;2019
Montenegro;73;5.523;1.051;1.361;0.871;0.197;0.08;0.142;2019
Tajikistan;74;5.467;0.493;1.098;0.718;0.389;0.144;0.23;2019
Croatia;75;5.432;1.155;1.266;0.914;0.296;0.022;0.119;2019
Hong Kong;76;май.43;1.438;1.277;1.122;0.44;0.287;0.258;2019
Dominican Republic;77;5.425;1.015;1.401;0.779;0.497;0.101;0.113;2019
Bosnia and Herzegovina;78;5.386;0.945;1.212;0.845;0.212;0.006;0.263;2019
Turkey;79;5.373;1.183;янв.36;0.808;0.195;0.106;0.083;2019
Malaysia;80;5.339;1.221;1.171;0.828;0.508;0.024;0.26;2019
Belarus;81;5.323;1.067;1.465;0.789;0.235;0.142;0.094;2019
Greece;82;5.287;1.181;1.156;0.999;0.067;0.034;0.0;2019
Mongolia;83;5.285;0.948;1.531;0.667;0.317;0.038;0.235;2019
North Macedonia;84;5.274;0.983;1.294;0.838;0.345;0.034;0.185;2019
Nigeria;85;5.265;0.696;1.111;0.245;0.426;0.041;0.215;2019
Kyrgyzstan;86;5.261;0.551;1.438;0.723;0.508;0.023;0.3;2019
Turkmenistan;87;5.247;1.052;1.538;0.657;0.394;0.028;0.244;2019
Algeria;88;5.211;1.002;янв.16;0.785;0.086;0.114;0.073;2019
Morocco;89;5.208;0.801;0.782;0.782;0.418;0.076;0.036;2019
Azerbaijan;90;5.208;1.043;1.147;0.769;0.351;0.182;0.035;2019
Lebanon;91;5.197;0.987;1.224;0.815;0.216;0.027;0.166;2019
Indonesia;92;5.192;0.931;1.203;0.66;0.491;0.028;0.498;2019
China;93;5.191;1.029;1.125;0.893;0.521;0.1;0.058;2019
Vietnam;94;5.175;0.741;1.346;0.851;0.543;0.073;0.147;2019
Bhutan;95;5.082;0.813;1.321;0.604;0.457;0.167;0.37;2019
Cameroon;96;5.044;0.549;0.91;0.331;0.381;0.037;0.187;2019
Bulgaria;97;5.011;1.092;1.513;0.815;0.311;0.004;0.081;2019
Ghana;98;4.996;0.611;0.868;0.486;0.381;0.04;0.245;2019
Ivory Coast;99;4.944;0.569;0.808;0.232;0.352;0.09;0.154;2019
Nepal;100;4.913;0.446;1.226;0.677;0.439;0.089;0.285;2019
Jordan;101;4.906;0.837;1.225;0.815;0.383;0.13;0.11;2019
Benin;102;4.883;0.393;0.437;0.397;0.349;0.082;0.175;2019
Congo (Brazzaville);103;4.812;0.673;0.799;0.508;0.372;0.093;0.105;2019
Gabon;104;4.799;1.057;1.183;0.571;0.295;0.055;0.043;2019
Laos;105;4.796;0.764;01.мар;0.551;0.547;0.164;0.266;2019
South Africa;106;4.722;0.96;1.351;0.469;0.389;0.055;0.13;2019
Albania;107;4.719;0.947;0.848;0.874;0.383;0.027;0.178;2019
Venezuela;108;4.707;0.96;1.427;0.805;0.154;0.047;0.064;2019
Cambodia;109;04.июл;0.574;1.122;0.637;0.609;0.062;0.232;2019
Palestinian Territories;110;4.696;0.657;1.247;0.672;0.225;0.066;0.103;2019
Senegal;111;4.681;0.45;1.134;0.571;0.292;0.072;0.153;2019
Somalia;112;4.668;0.0;0.698;0.268;0.559;0.27;0.243;2019
Namibia;113;4.639;0.879;1.313;0.477;0.401;0.056;0.07;2019
Niger;114;4.628;0.138;0.774;0.366;0.318;0.102;0.188;2019
Burkina Faso;115;4.587;0.331;1.056;0.38;0.255;0.113;0.177;2019
Armenia;116;4.559;0.85;1.055;0.815;0.283;0.064;0.095;2019
Iran;117;4.548;01.янв;0.842;0.785;0.305;0.125;0.27;2019
Guinea;118;4.534;0.38;0.829;0.375;0.332;0.086;0.207;2019
Georgia;119;4.519;0.886;0.666;0.752;0.346;0.164;0.043;2019
Gambia;120;4.516;0.308;0.939;0.428;0.382;0.167;0.269;2019
Kenya;121;4.509;0.512;0.983;0.581;0.431;0.053;0.372;2019
Mauritania;122;апр.49;0.57;1.167;0.489;0.066;0.088;0.106;2019
Mozambique;123;4.466;0.204;0.986;0.39;0.494;0.138;0.197;2019
Tunisia;124;4.461;0.921;1.0;0.815;0.167;0.055;0.059;2019
Bangladesh;125;4.456;0.562;0.928;0.723;0.527;0.143;0.166;2019
Iraq;126;4.437;1.043;0.98;0.574;0.241;0.089;0.148;2019
Congo (Kinshasa);127;4.418;0.094;1.125;0.357;0.269;0.053;0.212;2019
Mali;128;апр.39;0.385;1.105;0.308;0.327;0.052;0.153;2019
Sierra Leone;129;4.374;0.268;0.841;0.242;0.309;0.045;0.252;2019
Sri Lanka;130;4.366;0.949;1.265;0.831;0.47;0.047;0.244;2019
Myanmar;131;апр.36;0.71;1.181;0.555;0.525;0.172;0.566;2019
Chad;132;апр.35;0.35;0.766;0.192;0.174;0.078;0.198;2019
Ukraine;133;4.332;0.82;янв.39;0.739;0.178;0.01;0.187;2019
Ethiopia;134;4.286;0.336;1.033;0.532;0.344;0.1;0.209;2019
Swaziland;135;4.212;0.811;1.149;0.0;0.313;0.135;0.074;2019
Uganda;136;4.189;0.332;1.069;0.443;0.356;0.06;0.252;2019
Egypt;137;4.166;0.913;1.039;0.644;0.241;0.067;0.076;2019
Zambia;138;4.107;0.578;1.058;0.426;0.431;0.087;0.247;2019
Togo;139;4.085;0.275;0.572;0.41;0.293;0.085;0.177;2019
India;140;4.015;0.755;0.765;0.588;0.498;0.085;0.2;2019
Liberia;141;3.975;0.073;0.922;0.443;0.37;0.033;0.233;2019
Comoros;142;3.973;0.274;0.757;0.505;0.142;0.078;0.275;2019
Madagascar;143;3.933;0.274;0.916;0.555;0.148;0.041;0.169;2019
Lesotho;144;3.802;0.489;1.169;0.168;0.359;0.093;0.107;2019
Burundi;145;3.775;0.046;0.447;0.38;0.22;0.18;0.176;2019
Zimbabwe;146;3.663;0.366;1.114;0.433;0.361;0.089;0.151;2019
Haiti;147;3.597;0.323;0.688;0.449;0.026;0.11;0.419;2019
Botswana;148;3.488;1.041;1.145;0.538;0.455;0.1;0.025;2019
Syria;149;3.462;0.619;0.378;0.44;0.013;0.141;0.331;2019
Malawi;150;мар.41;0.191;0.56;0.495;0.443;0.089;0.218;2019
Yemen;151;мар.38;0.287;1.163;0.463;0.143;0.077;0.108;2019
Rwanda;152;3.334;0.359;0.711;0.614;0.555;0.411;0.217;2019
Tanzania;153;3.231;0.476;0.885;0.499;0.417;0.147;0.276;2019
Afghanistan;154;3.203;0.35;0.517;0.361;0.0;0.025;0.158;2019
Central African Republic;155;3.083;0.026;0.0;0.105;0.225;0.035;0.235;2019
South Sudan;156;2.853;0.306;0.575;0.295;0.01;0.091;0.202;2019
Finland;1;июл.87;10.639267;0.9543297;71.900826;0.9491722;0.19544458;-0.05948202;2020
Denmark;2;июл.56;10.774001;0.9559908;72.402504;0.95144427;0.16848946;0.066201776;2020
Switzerland;3;июл.99;10.979933;0.9428466;74.10245;0.92133665;0.30372843;0.10591104;2020
Iceland;4;июл.45;10.772559;0.9746696;73.0;0.9488919;0.71170974;0.24694422;2020
Norway;5;7.488;11.087804;0.9524866;73.20078;0.9557503;0.2632182;0.13453263;2020
Netherlands;6;июл.89;10.812712;0.9391388;72.30092;0.9085478;0.36471713;0.20761244;2020
Sweden;7;июл.35;10.758794;0.9263112;72.60077;0.9391442;0.25088018;0.11161462;2020
New Zealand;8;июл.96;10.500943;0.949119;73.20263;0.9362175;0.22113885;0.19159807;2020
Austria;9;июл.42;10.742824;0.92804587;73.0025;0.8999895;0.49995488;0.08542922;2020
Luxembourg;10;июл.75;11.450681;0.9069122;72.6;0.9056364;0.3670843;-0.004620588;2020
Canada;11;июл.21;10.6923685;0.92717665;73.6016;0.93391323;0.39084336;0.12477077;2020
Australia;12;июл.28;10.720596;0.9448546;73.60454;0.91543174;0.41516912;0.19046016;2020
United Kingdom;13;7.1645;10.600135;0.9366828;72.301605;0.8347437;0.43591592;0.2637325;2020
Israel;14;7.1286;10.417525;0.91357124;73.20026;0.7475806;0.78085506;0.10259372;2020
Costa Rica;15;7.1214;9.658156;0.90154594;71.29985;0.93473893;0.7863324;-0.10242971;2020
Ireland;16;7.0937;11.160978;0.9420816;72.30079;0.886983;0.35718417;0.14578497;2020
Germany;17;7.0758;10.732819;0.89887446;72.20202;0.8673711;0.45642203;0.080179386;2020
United States;18;июн.96;10.925769;0.914219;68.2995;0.84261954;0.6997153;0.14989173;2020
Czech Republic;19;июн.09;10.404163;0.9144307;70.047935;0.81853735;0.85844624;-0.23086151;2020
Belgium;20;июн.35;10.673639;0.91163254;72.00165;0.81358206;0.61229795;-0.0786912;2020
United Arab Emirates;21;июн.08;11.109999;0.8491811;67.08279;0.9413455;0.5945022;0.123450845;2020
Malta;22;июн.28;10.533838;0.9303795;72.2;0.92491144;0.6585473;0.2149658;2020
France;23;июн.38;10.584223;0.93710375;73.80193;0.82546765;0.5835211;-0.13064197;2020
Mexico;24;6.465;9.797797;0.8386654;68.29903;0.8587093;0.8068216;-0.17526662;2020
Taiwan Province of China;25;июн.54;10.775685;0.8943091;69.6;0.77153033;0.7318829;-0.0731987;2020
Uruguay;26;июн.01;9.948193;0.92281127;69.00255;0.89239544;0.63599414;-0.10110311;2020
Saudi Arabia;27;июн.65;10.797812;0.87406707;66.305145;0.85419124;0.6826195;-0.16869506;2020
Spain;28;июн.09;10.462927;0.9211254;74.40271;0.75198954;0.7658599;-0.050961714;2020
Guatemala;29;июн.89;8.924806;0.8166215;64.808945;0.9081476;0.78323746;-0.042938665;2020
Italy;30;июн.74;10.481836;0.8898786;73.601685;0.664652;0.8734047;-0.043461;2020
Singapore;31;июн.71;11.395521;0.91026896;76.80458;0.92664534;0.10978419;0.029879224;2020
Brazil;32;июн.56;9.566435;0.8967238;66.48016;0.7998048;0.7706013;-0.10181239;2020
Slovenia;33;июн.34;10.392323;0.9395757;71.10299;0.9361426;0.817071;-0.08060338;2020
El Salvador;34;июн.83;8.909076;0.80609226;66.10826;0.83380526;0.7543199;-0.12107298;2020
Kosovo;35;июн.52;9.20443;0.8207265;63.885555;0.8615359;0.9223283;0.19093376;2020
Panama;36;июн.48;10.034234;0.9020945;69.60301;0.8803665;0.8515889;-0.15392771;2020
Slovakia;37;июн.06;10.34775;0.92249376;68.90634;0.7499527;0.9180961;-0.1244093;2020
Uzbekistan;38;июн.76;8.740372;0.9265958;65.107574;0.9749981;0.5014974;0.24842715;2020
Chile;39;июн.85;10.032055;0.8797136;69.90062;0.7448963;0.83823943;-0.06566837;2020
Bahrain;40;июн.73;10.67638;0.8763421;68.5;0.9058558;0.7393471;0.13372919;2020
Lithuania;41;июн.55;10.343626;0.9261071;67.294075;0.74738145;0.80958384;-0.2197253;2020
Trinidad and Tobago;42;июн.19;10.260002;0.9152942;63.5;0.8579071;0.9122306;0.000526841;2020
Poland;43;6.1863;10.265124;0.87425745;69.311134;0.8620558;0.686927;-0.20508407;2020
Colombia;44;6.1634;9.500369;0.88444024;67.699585;0.8361799;0.8645718;-0.16123565;2020
Cyprus;45;6.159;10.405703;0.80599624;73.702225;0.7798583;0.85627174;0.043731496;2020
Nicaragua;46;6.1371;8.49316;0.85749704;67.50718;0.86390287;0.6659501;0.02095914;2020
Romania;47;6.1237;10.107584;0.8251615;67.20724;0.8428232;0.93430024;-0.19781521;2020
Kuwait;48;6.1021;11.089825;0.84647524;66.76765;0.8723665;0.76084906;-0.1001847;2020
Mauritius;49;6.1013;9.956786;0.91035783;66.40434;0.88953453;0.8053431;-0.018318573;2020
Kazakhstan;50;6.0579;10.114658;0.9347449;64.60996;0.81160194;0.76449084;-0.068488635;2020
Estonia;51;6.0218;10.340017;0.93473;68.60496;0.87770915;0.6230738;-0.11169777;2020
Philippines;52;6.006;8.993546;0.84673005;61.92676;0.91546345;0.7336341;-0.105463006;2020
Hungary;53;6.0004;10.249244;0.9219341;67.60997;0.7189646;0.8929165;-0.19432302;2020
Thailand;54;май.88;9.741792;0.8899732;67.250595;0.90506303;0.8862723;0.2686852;2020
Argentina;55;май.47;9.810955;0.90056795;68.8038;0.8311324;0.84200984;-0.19491386;2020
Honduras;56;май.32;8.424535;0.82187015;67.19877;0.87060326;0.8011319;0.086969115;2020
Latvia;57;май.95;10.17532;0.9182886;66.807465;0.67123765;0.7955801;-0.18688884;2020
Ecuador;58;май.52;9.246058;0.836419;68.50004;0.85982895;0.8012151;-0.12701496;2020
Portugal;59;май.09;10.263742;0.8865907;72.40202;0.8887478;0.8926295;-0.2207143;2020
Jamaica;60;май.98;9.00625;0.91570187;67.1;0.8580685;0.88889;-0.12510677;2020
South Korea;61;май.24;10.510567;0.79938716;73.60273;0.6129651;0.78906745;-0.04340403;2020
Japan;62;май.08;10.579689;0.88354594;75.00097;0.8099614;0.65455806;-0.24691035;2020
Peru;63;май.68;9.456313;0.83107525;68.100235;0.8247661;0.89371496;-0.16238822;2020
Serbia;64;май.82;9.680981;0.88147575;68.210205;0.72649586;0.843509;-0.07367622;2020
Bolivia;65;май.75;8.851115;0.8031087;63.60047;0.8758733;0.8226062;-0.09168113;2020
Pakistan;66;май.33;8.482727;0.6890623;58.253136;0.7348337;0.7457054;0.04489987;2020
Paraguay;67;май.21;9.389982;0.8987279;65.63994;0.88592345;0.8347885;0.007997713;2020
Dominican Republic;68;май.92;9.664881;0.8820854;65.80749;0.8662028;0.7559999;-0.13126329;2020
Bosnia and Herzegovina;69;май.41;9.455817;0.82920414;67.808136;0.6513527;0.9337691;0.09827456;2020
Moldova;70;май.75;8.776714;0.8433136;65.013016;0.7216092;0.9133143;-0.03774104;2020
Tajikistan;71;май.57;8.024811;0.8352971;64.10459;0.8313834;0.59207606;-0.025088511;2020
Montenegro;72;май.61;9.751861;0.8553146;68.50535;0.64956564;0.7831216;-0.075600356;2020
Russia;73;5.546;10.128872;0.90315074;64.10046;0.7298926;0.8648026;-0.15115374;2020
Kyrgyzstan;74;май.15;8.148405;0.8872285;64.10601;0.9093749;0.8883961;0.15477206;2020
Belarus;75;май.99;9.779945;0.90674746;66.10433;0.6391631;0.63571167;-0.16492654;2020
North Cyprus;76;май.55;10.405703;0.8203566;73.702225;0.7952935;0.6261157;0.000227159;2020
Greece;77;5.515;10.132326;0.81438035;72.40526;0.5413451;0.8599314;-0.30090737;2020
Hong Kong S.A.R. of China;78;май.04;10.934671;0.8459691;76.771706;0.7798338;0.4206072;0.1349799;2020
Croatia;79;май.47;10.070875;0.8746237;70.214905;0.7148388;0.91649526;-0.12853833;2020
Libya;80;май.88;9.789816;0.82594293;62.3;0.773157;0.66877913;-0.08505449;2020
Mongolia;81;май.62;9.412187;0.9371425;62.304485;0.6933513;0.8635112;0.09809387;2020
Malaysia;82;май.43;10.262519;0.8165094;67.10216;0.89462686;0.8393023;0.1147268;2020
Vietnam;83;май.35;8.8095455;0.84998715;67.952736;0.93959296;0.79642123;-0.09453333;2020
Indonesia;84;май.56;9.369752;0.8083799;62.15585;0.8706144;0.8762964;0.5195865;2020
Ivory Coast;85;май.33;8.225561;0.6580487;49.503773;0.7279093;0.79077196;-0.043991156;2020
Benin;86;5.216;7.6743197;0.46867114;54.312466;0.7351826;0.7405326;-0.003537213;2020
Maldives;87;май.76;9.518633;0.9131609;70.6;0.8539628;0.82421106;0.038085498;2020
Congo (Brazzaville);88;май.44;8.536987;0.6402281;57.92448;0.7190585;0.7517791;-0.123674095;2020
Azerbaijan;89;5.1648;9.687727;0.8193083;65.5084;0.7868241;0.55253756;-0.24025528;2020
Macedonia;90;5.1598;9.5105915;0.8203923;67.504425;0.73884094;0.8974905;-0.01987745;2020
Ghana;91;5.148;8.350645;0.7286011;57.203987;0.7947965;0.84796476;0.09417085;2020
Nepal;92;5.1372;7.9253573;0.78551245;63.77918;0.79756504;0.73809916;0.15416883;2020
Turkey;93;5.1318;10.129419;0.82631356;66.90282;0.60883045;0.7481974;-0.17104644;2020
China;94;5.1239;9.688568;0.7987606;69.28919;0.8985179;0.7539711;-0.18142575;2020
Turkmenistan;95;5.1191;9.748033;0.9589662;62.211708;0.826457;0.88369185;0.18767154;2020
Bulgaria;96;5.1015;9.869319;0.93784034;66.80398;0.74517816;0.93558514;-0.14390844;2020
Morocco;97;5.0948;8.940313;0.5926285;65.89624;0.77207243;0.8157246;-0.24037725;2020
Cameroon;98;5.0849;8.118648;0.7003864;52.70494;0.7630518;0.8513366;-0.00149645;2020
Venezuela;99;5.0532;8.977794;0.89040816;66.50534;0.6232783;0.8370384;-0.16909051;2020
Algeria;100;5.0051;9.537965;0.80338514;65.905174;0.4666109;0.73548514;-0.121105164;2020
Senegal;101;апр.08;8.118982;0.723616;59.59915;0.69059616;0.80878514;-0.052335154;2020
Guinea;102;апр.93;7.7509904;0.6375735;54.4678;0.7068468;0.76179445;0.07632847;2020
Niger;103;апр.96;6.842167;0.61743504;53.500095;0.7597721;0.7225302;0.013860817;2020
Laos;104;апр.86;8.79858;0.7375022;58.709923;0.90721357;0.6346793;0.11137148;2020
Albania;105;апр.27;9.417931;0.67107046;68.70814;0.7819942;0.8963037;-0.04230949;2020
Cambodia;106;апр.84;8.24989;0.77308065;61.52997;0.95970464;0.82276905;0.05191118;2020
Bangladesh;107;апр.28;8.287064;0.687293;64.50307;0.900625;0.66184354;-0.033664726;2020
Gabon;108;апр.93;9.680537;0.78788686;59.71534;0.7048292;0.84915096;-0.22226162;2020
South Africa;109;апр.41;9.403371;0.85253227;56.506012;0.7593301;0.84342384;-0.109777324;2020
Iraq;110;апр.48;9.661096;0.74769497;59.90355;0.63318264;0.8222618;-0.06956476;2020
Lebanon;111;апр.15;9.361724;0.82433814;67.10658;0.5513575;0.90225625;-0.06121527;2020
Burkina Faso;112;апр.87;7.468545;0.7129436;53.889454;0.6655636;0.739795;-0.019080516;2020
Gambia;113;апр.06;7.3218145;0.6931687;55.012016;0.7331632;0.6907178;0.34319872;2020
Mali;114;апр.93;7.6298523;0.731469;51.726982;0.71156615;0.8393284;-0.044366926;2020
Nigeria;115;апр.41;8.576625;0.7372169;49.861908;0.7595784;0.86187434;0.033745807;2020
Armenia;116;апр.68;9.100476;0.7574794;66.750656;0.71201783;0.7735448;-0.13877961;2020
Georgia;117;апр.26;9.226101;0.629033;64.49521;0.8016415;0.6659447;-0.22892037;2020
Iran;118;апр.24;9.81372;0.6946897;66.00615;0.6478733;0.71463597;0.1178911;2020
Jordan;119;апр.34;9.025999;0.8021637;66.79975;0.7510478;0.7003443;-0.1625652;2020
Mozambique;120;апр.36;7.069346;0.72387403;54.205822;0.8644519;0.6830191;0.03237587;2020
Kenya;121;4.583;8.029776;0.70265204;60.09693;0.82974756;0.83149916;0.29468152;2020
Namibia;122;апр.11;9.203141;0.846881;56.501488;0.76752096;0.8514498;-0.18530646;2020
Ukraine;123;апр.07;9.010691;0.87887937;64.60678;0.6630819;0.9206367;-0.030933706;2020
Liberia;124;апр.79;7.0543804;0.70928055;56.096313;0.7352687;0.85637593;0.04227322;2020
Palestinian Territories;125;апр.28;8.389223;0.8252959;62.25;0.6457918;0.8242;-0.1620791;2020
Uganda;126;4.432;7.5003896;0.7649946;55.708202;0.73171395;0.8367378;0.09948743;2020
Chad;127;апр.27;7.4679637;0.63238806;48.22054;0.58730525;0.80276084;0.01783472;2020
Tunisia;128;апр.22;9.314973;0.68871856;66.89786;0.59336156;0.86759025;-0.21641381;2020
Mauritania;129;апр.46;8.233919;0.7908192;57.010178;0.55152255;0.7462235;-0.10600814;2020
Sri Lanka;130;4.327;9.38997;0.82537407;67.200066;0.83763367;0.85900176;0.08112962;2020
Congo (Kinshasa);131;4.311;6.6942563;0.672159;52.9;0.70079356;0.8094036;0.083637655;2020
Swaziland;132;апр.81;9.162674;0.7702902;51.188236;0.6468223;0.70826334;-0.19920142;2020
Myanmar;133;4.308;8.680482;0.784407;58.96171;0.8950752;0.6451243;0.560664;2020
Comoros;134;апр.86;7.83363;0.62566245;57.34901;0.5476126;0.7806226;0.09000841;2020
Togo;135;4.1872;7.3577113;0.5513126;54.7199;0.6498286;0.75773346;0.002667875;2020
Ethiopia;136;4.1862;7.5093856;0.74330735;58.63959;0.7407952;0.75369;0.043377332;2020
Madagascar;137;4.1656;7.281686;0.6681959;59.105427;0.5575741;0.81748563;-0.011823639;2020
Egypt;138;4.1514;9.316542;0.7354478;61.78015;0.7083542;0.7877269;-0.19687831;2020
Sierra Leone;139;мар.64;7.268803;0.636142;50.865143;0.71531504;0.8613307;0.08866075;2020
Burundi;140;мар.53;6.4926424;0.49032572;53.4;0.6263502;0.60693455;-0.017551597;2020
Zambia;141;мар.94;8.22472;0.69882447;55.299377;0.80650026;0.8012897;0.07803713;2020
Haiti;142;мар.08;7.4113293;0.59324783;55.598625;0.53782517;0.68476725;0.40053457;2020
Lesotho;143;мар.28;7.9604883;0.7804957;48.003624;0.73812586;0.8573921;-0.14573205;2020
India;144;мар.33;8.849824;0.59220093;60.215187;0.8814449;0.7720427;0.057551607;2020
Malawi;145;3.538;7.0622263;0.5440073;57.592888;0.8032232;0.7317008;0.021433279;2020
Yemen;146;мар.74;7.7596827;0.8179806;56.727283;0.5999203;0.8002877;-0.15773544;2020
Botswana;147;мар.89;9.711204;0.77912176;58.924454;0.8213281;0.7779309;-0.2503945;2020
Tanzania;148;мар.62;7.967665;0.6889332;57.496075;0.82153976;0.61979944;0.10966869;2020
Central African Republic;149;мар.59;6.62516;0.31945986;45.2;0.64088064;0.89180666;0.08241036;2020
Rwanda;150;мар.23;7.6001043;0.54083544;61.098846;0.9005894;0.18354118;0.055483952;2020
Zimbabwe;151;мар.92;7.8657117;0.76309276;55.61726;0.7114579;0.810237;-0.07206395;2020
South Sudan;152;фев.66;7.4253597;0.5537071;51.0;0.4513136;0.7634173;0.016518548;2020
Afghanistan;153;фев.69;7.4628606;0.47036695;52.59;0.396573;0.93368655;-0.0964294;2020
Finland;1;7.842;10.775;0.954;72.0;0.949;0.186;-0.098;2021
Denmark;2;июл.62;10.933;0.954;72.7;0.946;0.179;0.03;2021
Switzerland;3;7.571;11.117;0.942;74.4;0.919;0.292;0.025;2021
Iceland;4;7.554;10.878;0.983;73.0;0.955;0.673;0.16;2021
Netherlands;5;7.464;10.932;0.942;72.4;0.913;0.338;0.175;2021
Norway;6;7.392;11.053;0.954;73.3;0.96;0.27;0.093;2021
Sweden;7;7.363;10.867;0.934;72.7;0.945;0.237;0.086;2021
Luxembourg;8;7.324;11.647;0.908;72.6;0.907;0.386;-0.034;2021
New Zealand;9;7.277;10.643;0.948;73.4;0.929;0.242;0.134;2021
Austria;10;7.268;10.906;0.934;73.3;0.908;0.481;0.042;2021
Australia;11;7.183;10.796;0.94;73.9;0.914;0.442;0.159;2021
Israel;12;7.157;10.575;0.939;73.503;0.8;0.753;0.031;2021
Germany;13;7.155;10.873;0.903;72.5;0.875;0.46;0.011;2021
Canada;14;7.103;10.776;0.926;73.8;0.915;0.415;0.089;2021
Ireland;15;7.085;11.342;0.947;72.4;0.879;0.363;0.077;2021
Costa Rica;16;7.069;сен.88;0.891;71.4;0.934;0.809;-0.126;2021
United Kingdom;17;7.064;10.707;0.934;72.5;0.859;0.459;0.233;2021
Czech Republic;18;6.965;10.556;0.947;70.807;0.858;0.868;-0.208;2021
United States;19;6.951;11.023;0.92;68.2;0.837;0.698;0.098;2021
Belgium;20;6.834;10.823;0.906;72.199;0.783;0.646;-0.153;2021
France;21;июн.69;10.704;0.942;74.0;0.822;0.571;-0.147;2021
Bahrain;22;6.647;10.669;0.862;69.495;0.925;0.722;0.089;2021
Malta;23;6.602;10.674;0.931;72.2;0.927;0.653;0.133;2021
Taiwan Province of China;24;6.584;10.871;0.898;69.6;0.784;0.721;-0.07;2021
United Arab Emirates;25;6.561;11.085;0.844;67.333;0.932;0.589;0.074;2021
Saudi Arabia;26;6.494;10.743;0.891;66.603;0.877;0.684;-0.149;2021
Spain;27;6.491;10.571;0.932;74.7;0.761;0.745;-0.081;2021
Italy;28;6.483;10.623;0.88;73.8;0.693;0.866;-0.084;2021
Slovenia;29;6.461;10.529;0.948;71.4;0.949;0.806;-0.101;2021
Guatemala;30;6.435;9.053;0.813;64.958;0.906;0.775;-0.038;2021
Uruguay;31;6.431;9.966;0.925;69.1;0.896;0.59;-0.092;2021
Singapore;32;6.377;11.488;0.915;76.953;0.927;0.082;-0.018;2021
Kosovo;33;6.372;9.318;0.821;63.813;0.869;0.917;0.257;2021
Slovakia;34;6.331;10.369;0.936;69.201;0.766;0.911;-0.124;2021
Brazil;35;июн.33;9.577;0.882;66.601;0.804;0.756;-0.071;2021
Mexico;36;6.317;9.859;0.831;68.597;0.862;0.799;-0.147;2021
Jamaica;37;6.309;9.186;0.877;67.5;0.89;0.884;-0.137;2021
Lithuania;38;6.255;10.499;0.935;67.906;0.773;0.826;-0.203;2021
Cyprus;39;6.223;10.576;0.802;73.898;0.763;0.844;-0.015;2021
Estonia;40;6.189;10.481;0.941;68.8;0.909;0.527;-0.106;2021
Panama;41;июн.18;окт.35;0.896;69.652;0.872;0.856;-0.166;2021
Uzbekistan;42;6.179;8.836;0.918;65.255;0.97;0.515;0.311;2021
Chile;43;6.172;10.071;0.882;70.0;0.742;0.83;-0.044;2021
Poland;44;6.166;10.382;0.898;69.702;0.841;0.735;-0.165;2021
Kazakhstan;45;6.152;10.155;0.952;65.2;0.853;0.733;-0.069;2021
Romania;46;июн.14;10.284;0.832;67.355;0.845;0.938;-0.219;2021
Kuwait;47;6.106;10.817;0.843;66.9;0.867;0.736;-0.104;2021
Serbia;48;6.078;9.787;0.873;68.6;0.778;0.835;0.002;2021
El Salvador;49;6.061;9.054;0.762;66.402;0.888;0.688;-0.11;2021
Mauritius;50;6.049;10.008;0.905;66.701;0.867;0.789;-0.054;2021
Latvia;51;6.032;10.315;0.927;67.1;0.715;0.8;-0.162;2021
Colombia;52;6.012;9.557;0.847;68.001;0.837;0.841;-0.135;2021
Hungary;53;5.992;10.358;0.943;68.0;0.755;0.876;-0.186;2021
Thailand;54;5.985;9.805;0.888;67.401;0.884;0.895;0.287;2021
Nicaragua;55;5.972;авг.62;0.864;67.657;0.836;0.664;0.02;2021
Japan;56;май.94;10.611;0.884;75.1;0.796;0.638;-0.258;2021
Argentina;57;5.929;9.962;0.898;69.0;0.828;0.834;-0.182;2021
Portugal;58;5.929;10.421;0.879;72.6;0.892;0.887;-0.244;2021
Honduras;59;5.919;8.648;0.812;67.3;0.857;0.809;0.081;2021
Croatia;60;5.882;10.217;0.924;70.799;0.754;0.939;-0.118;2021
Philippines;61;май.88;9.076;0.83;62.0;0.917;0.742;-0.097;2021
South Korea;62;5.845;10.651;0.799;73.9;0.672;0.727;-0.083;2021
Peru;63;май.84;9.458;0.832;68.25;0.822;0.891;-0.154;2021
Bosnia and Herzegovina;64;5.813;сен.59;0.87;68.098;0.706;0.931;0.113;2021
Moldova;65;5.766;9.454;0.857;65.699;0.822;0.918;-0.079;2021
Ecuador;66;5.764;9.313;0.821;68.8;0.842;0.843;-0.124;2021
Kyrgyzstan;67;5.744;8.538;0.893;64.401;0.935;0.908;0.119;2021
Greece;68;5.723;10.279;0.823;72.6;0.582;0.823;-0.288;2021
Bolivia;69;5.716;9.046;0.81;63.901;0.875;0.839;-0.077;2021
Mongolia;70;5.677;09.апр;0.935;62.5;0.708;0.856;0.116;2021
Paraguay;71;5.653;9.448;0.893;65.9;0.876;0.882;0.028;2021
Montenegro;72;5.581;сен.94;0.858;68.699;0.708;0.812;-0.034;2021
Dominican Republic;73;5.545;9.802;0.853;66.102;0.86;0.714;-0.133;2021
North Cyprus;74;5.536;10.576;0.82;73.898;0.795;0.626;0.012;2021
Belarus;75;5.534;9.853;0.91;66.253;0.65;0.627;-0.18;2021
Russia;76;5.477;10.189;0.903;64.703;0.718;0.845;-0.111;2021
Hong Kong S.A.R. of China;77;5.477;11.0;0.836;76.82;0.717;0.403;0.067;2021
Tajikistan;78;5.466;8.091;0.86;64.281;0.832;0.553;-0.056;2021
Vietnam;79;5.411;8.973;0.85;68.034;0.94;0.796;-0.098;2021
Libya;80;май.41;9.622;0.827;62.3;0.771;0.667;-0.087;2021
Malaysia;81;5.384;10.238;0.817;67.102;0.895;0.839;0.125;2021
Indonesia;82;5.345;9.365;0.811;62.236;0.873;0.867;0.542;2021
Congo (Brazzaville);83;5.342;8.117;0.636;58.221;0.695;0.745;-0.068;2021
China;84;5.339;9.673;0.811;69.593;0.904;0.755;-0.146;2021
Ivory Coast;85;5.306;8.551;0.644;50.114;0.741;0.794;-0.016;2021
Armenia;86;5.283;9.487;0.799;67.055;0.825;0.629;-0.168;2021
Nepal;87;5.269;08.дек;0.774;64.233;0.782;0.727;0.152;2021
Bulgaria;88;5.266;10.016;0.931;67.0;0.788;0.932;-0.096;2021
Maldives;89;5.198;9.826;0.913;70.6;0.854;0.825;0.024;2021
Azerbaijan;90;5.171;9.569;0.836;65.656;0.814;0.506;-0.223;2021
Cameroon;91;5.142;8.189;0.71;53.515;0.731;0.848;0.026;2021
Senegal;92;5.132;8.118;0.71;59.802;0.695;0.801;-0.046;2021
Albania;93;5.117;сен.52;0.697;68.999;0.785;0.901;-0.03;2021
North Macedonia;94;5.101;9.693;0.805;65.474;0.751;0.905;0.038;2021
Ghana;95;5.088;авг.58;0.727;57.586;0.807;0.848;0.123;2021
Niger;96;5.074;7.098;0.641;53.78;0.806;0.693;0.018;2021
Turkmenistan;97;5.066;9.629;0.983;62.409;0.877;0.888;0.273;2021
Gambia;98;5.051;7.686;0.69;55.16;0.697;0.746;0.424;2021
Benin;99;5.045;8.087;0.489;54.713;0.757;0.661;-0.034;2021
Laos;100;05.мар;8.947;0.728;58.968;0.91;0.658;0.123;2021
Bangladesh;101;5.025;8.454;0.693;64.8;0.877;0.682;-0.041;2021
Guinea;102;4.984;7.838;0.639;55.008;0.697;0.766;0.095;2021
South Africa;103;4.956;9.403;0.86;56.904;0.749;0.86;-0.067;2021
Turkey;104;4.948;окт.24;0.822;67.199;0.576;0.776;-0.139;2021
Pakistan;105;4.934;8.458;0.651;58.709;0.726;0.787;0.098;2021
Morocco;106;4.918;8.903;0.56;66.208;0.774;0.801;-0.236;2021
Venezuela;107;4.892;9.073;0.861;66.7;0.615;0.827;-0.169;2021
Georgia;108;4.891;9.585;0.671;64.3;0.783;0.655;-0.238;2021
Algeria;109;4.887;9.342;0.802;66.005;0.48;0.752;-0.067;2021
Ukraine;110;4.875;9.436;0.888;64.902;0.724;0.924;-0.011;2021
Iraq;111;4.854;сен.24;0.746;60.583;0.63;0.875;-0.053;2021
Gabon;112;4.852;9.603;0.776;59.962;0.731;0.84;-0.2;2021
Burkina Faso;113;4.834;7.678;0.672;54.151;0.695;0.748;-0.009;2021
Cambodia;114;апр.83;авг.36;0.765;62.0;0.959;0.843;0.034;2021
Mozambique;115;4.794;7.158;0.744;54.706;0.882;0.684;0.061;2021
Nigeria;116;4.759;8.533;0.74;50.102;0.737;0.878;0.037;2021
Mali;117;4.723;7.744;0.724;51.969;0.697;0.827;-0.036;2021
Iran;118;4.721;9.584;0.71;66.3;0.608;0.714;0.218;2021
Uganda;119;4.636;7.677;0.781;56.101;0.709;0.855;0.122;2021
Liberia;120;4.625;7.288;0.72;56.498;0.735;0.85;0.05;2021
Kenya;121;4.607;8.361;0.688;60.704;0.779;0.825;0.287;2021
Tunisia;122;4.596;9.266;0.691;67.201;0.656;0.87;-0.201;2021
Lebanon;123;4.584;9.626;0.848;67.355;0.525;0.898;-0.073;2021
Namibia;124;4.574;9.161;0.818;56.799;0.719;0.847;-0.149;2021
Palestinian Territories;125;4.517;8.485;0.826;62.25;0.653;0.821;-0.163;2021
Myanmar;126;4.426;8.541;0.779;59.302;0.876;0.66;0.509;2021
Jordan;127;4.395;9.182;0.767;67.0;0.755;0.705;-0.167;2021
Chad;128;4.355;7.364;0.619;48.478;0.579;0.807;0.041;2021
Sri Lanka;129;4.325;сен.47;0.827;67.299;0.841;0.863;0.079;2021
Swaziland;130;4.308;9.065;0.77;50.833;0.647;0.708;-0.185;2021
Comoros;131;4.289;8.031;0.626;57.349;0.548;0.781;0.082;2021
Egypt;132;4.283;9.367;0.75;61.998;0.749;0.795;-0.182;2021
Ethiopia;133;4.275;7.694;0.764;59.0;0.752;0.761;0.082;2021
Mauritania;134;4.227;8.542;0.795;57.161;0.561;0.731;-0.106;2021
Madagascar;135;4.208;7.396;0.686;59.305;0.552;0.803;-0.005;2021
Togo;136;4.107;7.362;0.569;54.914;0.619;0.772;0.032;2021
Zambia;137;4.073;8.145;0.708;55.809;0.782;0.823;0.061;2021
Sierra Leone;138;3.849;7.434;0.63;51.651;0.717;0.866;0.084;2021
India;139;3.819;8.755;0.603;60.633;0.893;0.774;0.089;2021
Burundi;140;3.775;6.635;0.49;53.4;0.626;0.607;-0.024;2021
Yemen;141;3.658;7.578;0.832;57.122;0.602;0.8;-0.147;2021
Tanzania;142;3.623;7.876;0.702;57.999;0.833;0.577;0.183;2021
Haiti;143;3.615;7.477;0.54;55.7;0.593;0.721;0.422;2021
Malawi;144;03.июн;6.958;0.537;57.948;0.78;0.729;0.038;2021
Lesotho;145;3.512;7.926;0.787;48.7;0.715;0.915;-0.131;2021
Botswana;146;3.467;9.782;0.784;59.269;0.824;0.801;-0.246;2021
Rwanda;147;3.415;7.676;0.552;61.4;0.897;0.167;0.061;2021
Zimbabwe;148;3.145;7.943;0.75;56.201;0.677;0.821;-0.047;2021
Afghanistan;149;2.523;7.695;0.463;52.493;0.382;0.924;-0.102;2021
Finland;1;7.821;1.892;1.258;0.775;0.736;0.534;0.109;2022
Denmark;2;7.636;1.953;1.243;0.777;0.719;0.532;0.188;2022
Iceland;3;7.557;1.936;янв.32;0.803;0.718;0.191;0.27;2022
Switzerland;4;7.512;2.026;1.226;0.822;0.677;0.461;0.147;2022
Netherlands;5;7.415;1.945;1.206;0.787;0.651;0.419;0.271;2022
Luxembourg*;6;7.404;2.209;1.155;0.79;0.7;0.388;0.12;2022
Sweden;7;7.384;янв.92;1.204;0.803;0.724;0.512;0.218;2022
Norway;8;7.365;1.997;1.239;0.786;0.728;0.474;0.217;2022
Israel;9;7.364;1.826;1.221;0.818;0.568;0.143;0.155;2022
New Zealand;10;07.фев;1.852;1.235;0.752;0.68;0.483;0.245;2022
Austria;11;7.163;1.931;1.165;0.774;0.623;0.329;0.193;2022
Australia;12;7.162;01.сен;1.203;0.772;0.676;0.341;0.258;2022
Ireland;13;7.041;2.129;1.166;0.779;0.627;0.408;0.19;2022
Germany;14;7.034;1.924;1.088;0.776;0.585;0.358;0.163;2022
Canada;15;7.025;1.886;1.188;0.783;0.659;0.368;0.217;2022
United States;16;6.977;1.982;1.182;0.628;0.574;0.177;0.22;2022
United Kingdom;17;6.943;1.867;1.143;0.75;0.597;0.329;0.289;2022
Czechia;18;июн.92;1.815;янв.26;0.715;0.66;0.048;0.158;2022
Belgium;19;6.805;1.907;1.106;0.764;0.492;0.204;0.049;2022
France;20;6.687;1.863;1.219;0.808;0.567;0.266;0.07;2022
Bahrain;21;6.647;1.854;1.029;0.625;0.693;0.155;0.199;2022
Slovenia;22;июн.63;янв.81;1.249;0.769;0.685;0.115;0.118;2022
Costa Rica;23;6.582;1.584;1.054;0.744;0.661;0.102;0.089;2022
United Arab Emirates;24;6.576;1.998;0.98;0.633;0.702;0.25;0.204;2022
Saudi Arabia;25;6.523;янв.87;1.092;0.577;0.651;0.18;0.078;2022
Taiwan Province of China;26;6.512;1.897;1.095;0.733;0.542;0.168;0.075;2022
Singapore;27;июн.48;2.149;1.127;0.851;0.672;0.587;0.163;2022
Romania;28;6.477;1.719;1.006;0.655;0.605;0.006;0.039;2022
Spain;29;6.476;1.808;1.211;0.808;0.505;0.149;0.101;2022
Uruguay;30;6.474;1.615;янв.18;0.672;0.665;0.265;0.103;2022
Italy;31;6.467;1.834;1.052;0.801;0.412;0.059;0.085;2022
Kosovo;32;6.455;1.362;0.949;0.569;0.599;0.035;0.309;2022
Malta;33;6.447;1.838;1.169;0.789;0.679;0.166;0.174;2022
Lithuania;34;6.446;1.804;1.204;0.659;0.496;0.077;0.053;2022
Slovakia;35;6.391;1.736;1.232;0.707;0.479;0.025;0.118;2022
Estonia;36;6.341;1.793;1.232;0.728;0.689;0.333;0.123;2022
Panama;37;6.309;1.715;1.107;0.709;0.592;0.051;0.049;2022
Brazil;38;6.293;1.462;1.044;0.615;0.546;0.134;0.131;2022
Guatemala*;39;6.262;1.274;0.831;0.522;0.662;0.115;0.112;2022
Kazakhstan;40;6.234;1.668;янв.22;0.611;0.584;0.157;0.134;2022
Cyprus;41;6.221;1.815;0.909;0.819;0.448;0.062;0.123;2022
Latvia;42;июн.18;1.732;1.221;0.637;0.502;0.09;0.075;2022
Serbia;43;6.178;янв.55;1.086;0.658;0.546;0.088;0.219;2022
Chile;44;6.172;1.651;01.авг;0.748;0.46;0.069;0.124;2022
Nicaragua;45;6.165;1.105;1.029;0.617;0.617;0.212;0.168;2022
Mexico;46;6.128;1.552;0.886;0.623;0.621;0.115;0.092;2022
Croatia;47;6.125;1.705;1.183;0.709;0.535;0.0;0.109;2022
Poland;48;6.123;1.758;1.174;0.712;0.523;0.14;0.124;2022
El Salvador;49;06.дек;1.265;0.768;0.607;0.666;0.212;0.089;2022
Kuwait*;50;6.106;1.904;0.983;0.747;0.617;0.147;0.087;2022
Hungary;51;6.086;1.748;1.233;0.668;0.485;0.064;0.078;2022
Mauritius;52;6.071;1.591;1.116;0.568;0.589;0.107;0.131;2022
Uzbekistan;53;6.063;1.219;1.092;0.6;0.716;0.24;0.283;2022
Japan;54;6.039;1.835;1.089;0.866;0.537;0.218;0.007;2022
Honduras;55;6.022;1.111;0.885;0.555;0.582;0.076;0.202;2022
Portugal;56;6.016;янв.76;1.078;0.777;0.655;0.039;0.016;2022
Argentina;57;5.967;1.592;1.102;0.662;0.555;0.085;0.081;2022
Greece;58;5.948;1.703;0.98;0.774;0.249;0.108;0.015;2022
South Korea;59;5.935;1.851;0.886;0.841;0.414;0.176;0.111;2022
Philippines;60;5.904;1.268;0.912;0.514;0.678;0.142;0.107;2022
Thailand;61;5.891;1.535;1.096;0.697;0.617;0.026;0.321;2022
Moldova;62;5.857;1.417;1.008;0.597;0.561;0.028;0.102;2022
Jamaica;63;май.85;1.296;1.045;0.646;0.567;0.053;0.08;2022
Kyrgyzstan;64;5.828;1.069;1.109;0.638;0.693;0.025;0.208;2022
Belarus;65;5.821;1.562;1.157;0.629;0.342;0.282;0.04;2022
Colombia;66;5.781;1.452;0.929;0.72;0.545;0.077;0.087;2022
Bosnia and Herzegovina;67;5.768;1.468;1.068;0.665;0.448;0.006;0.244;2022
Mongolia;68;5.761;1.393;1.197;0.467;0.398;0.059;0.247;2022
Dominican Republic;69;5.737;1.538;1.003;0.577;0.606;0.179;0.084;2022
Malaysia;70;5.711;1.689;0.938;0.62;0.654;0.126;0.213;2022
Bolivia;71;05.июн;1.256;0.88;0.555;0.627;0.064;0.112;2022
China;72;5.585;1.508;0.958;0.705;0.656;0.142;0.099;2022
Paraguay;73;5.578;1.409;янв.13;0.624;0.629;0.059;0.171;2022
Peru;74;5.559;1.397;0.865;0.735;0.545;0.037;0.09;2022
Montenegro;75;5.547;1.573;1.023;0.659;0.46;0.077;0.135;2022
Ecuador;76;5.533;1.352;0.879;0.708;0.565;0.083;0.08;2022
Vietnam;77;5.485;1.252;0.932;0.611;0.707;0.105;0.143;2022
Turkmenistan*;78;5.474;1.484;1.319;0.516;0.649;0.032;0.314;2022
North Cyprus*;79;5.467;1.815;0.888;0.819;0.523;0.213;0.13;2022
Russia;80;5.459;1.685;1.095;0.586;0.401;0.08;0.117;2022
Hong Kong S.A.R. of China;81;5.425;1.957;0.954;0.942;0.4;0.383;0.147;2022
Armenia;82;5.399;1.434;0.82;0.668;0.558;0.21;0.054;2022
Tajikistan;83;5.377;0.966;1.005;0.518;0.572;0.304;0.118;2022
Nepal;84;5.377;0.984;0.784;0.499;0.519;0.13;0.237;2022
Bulgaria;85;5.371;1.625;1.163;0.64;0.563;0.021;0.123;2022
Libya*;86;май.33;1.476;0.943;0.606;0.477;0.179;0.106;2022
Indonesia;87;май.24;1.382;0.883;0.539;0.62;0.047;0.468;2022
Ivory Coast;88;5.235;1.094;0.442;0.322;0.451;0.124;0.149;2022
North Macedonia;89;5.199;1.505;0.863;0.637;0.488;0.031;0.215;2022
Albania;90;5.199;1.439;0.646;0.719;0.511;0.028;0.138;2022
South Africa;91;5.194;1.425;1.088;0.361;0.442;0.046;0.089;2022
Azerbaijan*;92;5.173;1.458;1.093;0.56;0.601;0.341;0.023;2022
Gambia*;93;5.164;0.785;0.621;0.369;0.367;0.103;0.388;2022
Bangladesh;94;5.155;01.июн;0.614;0.581;0.622;0.187;0.125;2022
Laos;95;май.14;1.239;0.654;0.479;0.679;0.184;0.197;2022
Algeria;96;5.122;1.363;0.97;0.643;0.146;0.15;0.106;2022
Liberia*;97;5.122;0.636;0.67;0.309;0.405;0.08;0.178;2022
Ukraine;98;5.084;1.411;1.081;0.583;0.473;0.017;0.188;2022
Congo;99;5.075;0.95;0.405;0.355;0.431;0.146;0.13;2022
Morocco;100;05.июн;1.208;0.268;0.565;0.492;0.102;0.02;2022
Mozambique;101;5.048;0.578;0.66;0.191;0.593;0.2;0.185;2022
Cameroon;102;5.048;0.968;0.672;0.317;0.397;0.074;0.152;2022
Senegal;103;5.046;0.933;0.53;0.447;0.494;0.081;0.143;2022
Niger*;104;5.003;0.57;0.56;0.326;0.571;0.145;0.165;2022
Georgia;105;4.973;1.467;0.612;0.595;0.508;0.208;0.0;2022
Gabon;106;4.958;1.459;0.738;0.396;0.343;0.099;0.032;2022
Iraq;107;4.941;1.289;0.682;0.554;0.328;0.046;0.147;2022
Venezuela;108;4.925;0.0;0.968;0.578;0.283;0.082;0.225;2022
Guinea;109;4.891;0.848;0.566;0.275;0.334;0.116;0.214;2022
Iran;110;4.888;янв.41;0.741;0.642;0.281;0.146;0.241;2022
Ghana;111;4.872;1.112;0.595;0.409;0.5;0.056;0.23;2022
Turkey;112;4.744;1.707;0.865;0.702;0.209;0.115;0.087;2022
Burkina Faso;113;апр.67;0.779;0.565;0.32;0.382;0.126;0.186;2022
Cambodia;114;апр.64;1.019;0.732;0.505;0.74;0.068;0.166;2022
Benin;115;4.623;0.932;0.064;0.335;0.479;0.23;0.127;2022
Comoros*;116;4.609;0.899;0.476;0.424;0.185;0.125;0.195;2022
Uganda;117;4.603;0.777;0.875;0.418;0.402;0.066;0.222;2022
Nigeria;118;4.552;1.079;0.732;0.3;0.444;0.038;0.175;2022
Kenya;119;4.543;1.032;0.605;0.401;0.44;0.082;0.322;2022
Tunisia;120;4.516;янв.35;0.596;0.656;0.316;0.029;0.029;2022
Pakistan;121;4.516;1.049;0.413;0.374;0.448;0.112;0.181;2022
Palestinian Territories*;122;4.483;1.148;0.957;0.521;0.336;0.079;0.073;2022
Mali;123;4.479;0.792;0.483;0.311;0.35;0.042;0.128;2022
Namibia;124;4.459;1.292;0.877;0.354;0.384;0.071;0.067;2022
Eswatini, Kingdom of*;125;4.396;1.274;0.786;0.197;0.259;0.154;0.038;2022
Myanmar;126;4.394;1.038;0.829;0.491;0.513;0.194;0.452;2022
Sri Lanka;127;4.362;1.415;0.934;0.66;0.529;0.079;0.15;2022
Madagascar*;128;4.339;0.67;0.645;0.378;0.202;0.154;0.143;2022
Egypt;129;4.288;1.388;0.732;0.548;0.469;0.254;0.041;2022
Chad*;130;4.251;0.662;0.506;0.225;0.18;0.077;0.182;2022
Ethiopia;131;4.241;0.788;0.809;0.457;0.472;0.136;0.205;2022
Yemen*;132;4.197;0.691;1.043;0.384;0.33;0.098;0.09;2022
Mauritania*;133;4.153;01.янв;0.865;0.45;0.304;0.138;0.088;2022
Jordan;134;4.152;1.324;0.724;0.675;0.476;0.2;0.058;2022
Togo;135;4.112;0.771;0.322;0.36;0.292;0.132;0.174;2022
India;136;3.777;1.167;0.376;0.471;0.647;0.123;0.198;2022
Zambia;137;мар.76;0.93;0.577;0.306;0.525;0.083;0.203;2022
Malawi;138;мар.75;0.648;0.279;0.388;0.477;0.157;0.14;2022
Tanzania;139;3.702;0.848;0.597;0.425;0.578;0.27;0.248;2022
Sierra Leone;140;3.574;0.686;0.416;0.273;0.387;0.055;0.202;2022
Lesotho*;141;3.512;0.839;0.848;0.0;0.419;0.018;0.076;2022
Botswana*;142;3.471;1.503;0.815;0.28;0.571;0.102;0.012;2022
Rwanda*;143;3.268;0.785;0.133;0.462;0.621;0.544;0.187;2022
Zimbabwe;144;2.995;0.947;0.69;0.27;0.329;0.105;0.106;2022
Lebanon;145;2.955;1.392;0.498;0.631;0.103;0.034;0.082;2022
Afghanistan;146;2.404;0.758;0.0;0.289;0.0;0.005;0.089;2022
xx;147;;;;;;;;2022
